host,port,latency_ms,loss_pct,jitter_ms,ping_avg_ms,ping_min_ms,ping_max_ms,ping_loss_pct,ping_ok,tcp_avg_ms,tcp_min_ms,tcp_max_ms,tcp_jitter_ms,tcp_loss_pct,tcp_ok,score,org,city,country,checked_at
129.80.239.6,8443,24,0,2,,,,100,false,24,23,25,2,0,true,95.2,Oracle Corporation,Ashburn,US,2026-04-01T21:40:27.187Z
132.226.53.176,8880,24.5,0,1,,,,100,false,24.5,24,25,1,0,true,95.1,Oracle Corporation,Ashburn,US,2026-04-01T21:42:37.491Z
138.2.228.82,1988,39.5,0,1,,,,100,false,39.5,39,40,1,0,true,92.1,Oracle Corporation,San Jose,US,2026-04-01T21:45:29.105Z
129.146.173.121,8443,51.5,0,1,,,,100,false,51.5,51,52,1,0,true,89.7,Oracle Corporation,Phoenix,US,2026-04-01T21:36:07.722Z
129.146.64.119,443,52,0,2,,,,100,false,52,51,53,2,0,true,89.6,Oracle Corporation,Phoenix,US,2026-04-01T21:37:34.442Z
132.145.127.93,443,135.5,0,3,,,,100,false,135.5,134,137,3,0,true,72.9,Oracle Corporation,Tokyo,JP,2026-04-01T21:41:55.282Z
134.122.194.186,443,135.5,0,3,,,,100,false,135.5,134,137,3,0,true,72.9,CTGSERVERLIMITED-AS-AP CTG Server Limited,Tokyo,Japan,2026-04-01T21:43:20.286Z
103.27.132.118,443,136.5,0,3,,,,100,false,136.5,135,138,3,0,true,72.7,SHOCK-1 - Shock Hosting LLC,Tokyo,Japan,2026-04-01T21:36:09.393Z
116.80.91.168,443,136.5,0,1,,,,100,false,136.5,136,137,1,0,true,72.7,"INFOSPHERE NTT PC Communications, Inc.",Tokyo,Japan,2026-04-01T21:36:08.027Z
133.167.66.12,443,140,0,2,,,,100,false,140,139,141,2,0,true,72,SAKURA-C SAKURA Internet Inc.,Osaka,Japan,2026-04-01T21:43:21.658Z
138.2.41.12,443,141,0,2,,,,100,false,141,140,142,2,0,true,71.8,Oracle Corporation,Osaka,JP,2026-04-01T21:46:11.740Z
136.248.68.146,80,147,0,2,,,,100,false,147,146,148,2,0,true,70.6,Oracle Corporation,Wayland,US,2026-04-01T21:44:02.920Z
134.185.111.151,3000,178.5,0,27,,,,100,false,178.5,165,192,27,0,true,64.3,Oracle Corporation,Belmont,US,2026-04-01T21:43:20.232Z
129.150.52.71,443,196.5,0,1,,,,100,false,196.5,196,197,1,0,true,60.7,Oracle Corporation,Singapore,SG,2026-04-01T21:38:17.163Z
129.158.198.241,8443,23,50,0,,,,100,false,23,23,23,0,50,true,55.4,Oracle Corporation,Ashburn,US,2026-04-01T21:39:43.195Z
129.159.84.71,443,23,50,0,,,,100,false,23,23,23,0,50,true,55.4,Oracle Corporation,Ashburn,US,2026-04-01T21:39:43.196Z
129.80.146.124,8443,23,50,0,,,,100,false,23,23,23,0,50,true,55.4,Oracle Corporation,Ashburn,US,2026-04-01T21:40:27.165Z
129.80.211.77,443,23,50,0,,,,100,false,23,23,23,0,50,true,55.4,Oracle Corporation,Ashburn,US,2026-04-01T21:40:27.164Z
129.80.224.246,443,23,50,0,,,,100,false,23,23,23,0,50,true,55.4,Oracle Corporation,Ashburn,US,2026-04-01T21:40:27.164Z
129.80.224.7,8443,23,50,0,,,,100,false,23,23,23,0,50,true,55.4,Oracle Corporation,Ashburn,US,2026-04-01T21:40:27.164Z
132.145.165.127,443,23,50,0,,,,100,false,23,23,23,0,50,true,55.4,Oracle Corporation,Ashburn,US,2026-04-01T21:42:37.467Z
129.213.126.80,4443,24,50,0,,,,100,false,24,24,24,0,50,true,55.2,Oracle Corporation,Ashburn,US,2026-04-01T21:40:27.164Z
129.213.22.27,443,24,50,0,,,,100,false,24,24,24,0,50,true,55.2,Oracle Corporation,Ashburn,US,2026-04-01T21:40:27.164Z
129.213.36.42,443,24,50,0,,,,100,false,24,24,24,0,50,true,55.2,Oracle Corporation,Ashburn,US,2026-04-01T21:40:27.164Z
129.213.54.81,443,24,50,0,,,,100,false,24,24,24,0,50,true,55.2,Oracle Corporation,Ashburn,US,2026-04-01T21:40:27.164Z
129.80.132.4,443,24,50,0,,,,100,false,24,24,24,0,50,true,55.2,Oracle Corporation,Ashburn,US,2026-04-01T21:40:27.164Z
129.80.47.196,443,24,50,0,,,,100,false,24,24,24,0,50,true,55.2,Oracle Corporation,Ashburn,US,2026-04-01T21:41:09.596Z
132.145.166.33,443,24,50,0,,,,100,false,24,24,24,0,50,true,55.2,Oracle Corporation,Ashburn,US,2026-04-01T21:42:37.468Z
132.145.209.143,8443,24,50,0,,,,100,false,24,24,24,0,50,true,55.2,Oracle Corporation,Ashburn,US,2026-04-01T21:42:37.468Z
132.145.217.215,443,24,50,0,,,,100,false,24,24,24,0,50,true,55.2,Oracle Corporation,Ashburn,US,2026-04-01T21:42:37.468Z
129.80.113.95,443,25,50,0,,,,100,false,25,25,25,0,50,true,55,Oracle Corporation,Ashburn,US,2026-04-01T21:40:27.165Z
129.80.245.249,443,25,50,0,,,,100,false,25,25,25,0,50,true,55,Oracle Corporation,Ashburn,US,2026-04-01T21:41:09.596Z
129.121.73.82,80,26,50,0,,,,100,false,26,26,26,0,50,true,54.8,Oracle Corporation,Burlington,US,2026-04-01T21:36:07.647Z
129.159.119.161,443,26,50,0,,,,100,false,26,26,26,0,50,true,54.8,Oracle Corporation,Ashburn,US,2026-04-01T21:39:43.199Z
129.80.255.149,443,26,50,0,,,,100,false,26,26,26,0,50,true,54.8,Oracle Corporation,Ashburn,US,2026-04-01T21:41:09.598Z
129.80.68.208,443,26,50,0,,,,100,false,26,26,26,0,50,true,54.8,Oracle Corporation,Ashburn,US,2026-04-01T21:41:09.598Z
132.226.48.243,443,26,50,0,,,,100,false,26,26,26,0,50,true,54.8,Oracle Corporation,Ashburn,US,2026-04-01T21:42:37.471Z
129.213.55.160,80,27,50,0,,,,100,false,27,27,27,0,50,true,54.6,Oracle Corporation,Ashburn,US,2026-04-01T21:40:27.167Z
129.158.241.2,8443,30,50,0,,,,100,false,30,30,30,0,50,true,54,Oracle Corporation,Ashburn,US,2026-04-01T21:39:43.202Z
129.158.50.59,8443,30,50,0,,,,100,false,30,30,30,0,50,true,54,Oracle Corporation,Ashburn,US,2026-04-01T21:39:43.203Z
129.213.120.186,443,30,50,0,,,,100,false,30,30,30,0,50,true,54,Oracle Corporation,Ashburn,US,2026-04-01T21:39:43.203Z
129.80.180.249,443,30,50,0,,,,100,false,30,30,30,0,50,true,54,Oracle Corporation,Ashburn,US,2026-04-01T21:40:27.171Z
129.153.172.64,443,31,50,0,,,,100,false,31,31,31,0,50,true,53.8,Oracle Corporation,Ashburn,US,2026-04-01T21:38:59.235Z
129.213.49.244,8080,34,50,0,,,,100,false,34,34,34,0,50,true,53.2,Oracle Corporation,Ashburn,US,2026-04-01T21:40:27.174Z
129.159.37.136,443,38,50,0,,,,100,false,38,38,38,0,50,true,52.4,Oracle Corporation,San Jose,US,2026-04-01T21:39:43.211Z
129.159.42.237,8443,38,50,0,,,,100,false,38,38,38,0,50,true,52.4,Oracle Corporation,San Jose,US,2026-04-01T21:39:43.211Z
129.159.47.168,2053,38,50,0,,,,100,false,38,38,38,0,50,true,52.4,Oracle Corporation,San Jose,US,2026-04-01T21:39:43.211Z
129.213.60.47,443,38,50,0,,,,100,false,38,38,38,0,50,true,52.4,Oracle Corporation,Ashburn,US,2026-04-01T21:40:27.178Z
138.2.226.71,443,38,50,0,,,,100,false,38,38,38,0,50,true,52.4,Oracle Corporation,San Jose,US,2026-04-01T21:45:29.067Z
138.2.227.217,8880,38,50,0,,,,100,false,38,38,38,0,50,true,52.4,Oracle Corporation,San Jose,US,2026-04-01T21:45:29.067Z
138.2.236.155,9999,38,50,0,,,,100,false,38,38,38,0,50,true,52.4,Oracle Corporation,San Jose,US,2026-04-01T21:46:11.498Z
129.159.34.196,443,39,50,0,,,,100,false,39,39,39,0,50,true,52.2,Oracle Corporation,San Jose,US,2026-04-01T21:39:43.212Z
138.2.224.183,443,39,50,0,,,,100,false,39,39,39,0,50,true,52.2,Oracle Corporation,San Jose,US,2026-04-01T21:45:29.068Z
138.2.226.178,443,39,50,0,,,,100,false,39,39,39,0,50,true,52.2,Oracle Corporation,San Jose,US,2026-04-01T21:45:29.068Z
138.2.238.240,443,39,50,0,,,,100,false,39,39,39,0,50,true,52.2,Oracle Corporation,San Jose,US,2026-04-01T21:46:11.499Z
138.2.232.216,8443,40,50,0,,,,100,false,40,40,40,0,50,true,52,Oracle Corporation,San Jose,US,2026-04-01T21:46:11.499Z
129.153.97.149,443,48,50,0,,,,100,false,48,48,48,0,50,true,50.4,Oracle Corporation,Phoenix,US,2026-04-01T21:39:43.221Z
129.146.138.164,443,49,50,0,,,,100,false,49,49,49,0,50,true,50.2,Oracle Corporation,Phoenix,US,2026-04-01T21:36:07.671Z
129.146.143.204,443,49,50,0,,,,100,false,49,49,49,0,50,true,50.2,Oracle Corporation,Phoenix,US,2026-04-01T21:36:07.672Z
129.146.49.224,443,49,50,0,,,,100,false,49,49,49,0,50,true,50.2,Oracle Corporation,Phoenix,US,2026-04-01T21:37:34.389Z
129.146.56.190,443,49,50,0,,,,100,false,49,49,49,0,50,true,50.2,Oracle Corporation,Phoenix,US,2026-04-01T21:37:34.390Z
129.153.122.95,443,49,50,0,,,,100,false,49,49,49,0,50,true,50.2,Oracle Corporation,Phoenix,US,2026-04-01T21:38:59.253Z
129.153.220.206,443,49,50,0,,,,100,false,49,49,49,0,50,true,50.2,Oracle Corporation,Phoenix,US,2026-04-01T21:38:59.254Z
132.226.116.67,443,49,50,0,,,,100,false,49,49,49,0,50,true,50.2,Oracle Corporation,Phoenix,US,2026-04-01T21:42:37.493Z
132.226.125.73,8443,49,50,0,,,,100,false,49,49,49,0,50,true,50.2,Oracle Corporation,Phoenix,US,2026-04-01T21:42:37.494Z
137.131.20.151,8443,49,50,0,,,,100,false,49,49,49,0,50,true,50.2,Oracle Corporation,La Jolla,US,2026-04-01T21:44:45.109Z
137.131.59.0,443,49,50,0,,,,100,false,49,49,49,0,50,true,50.2,Oracle Corporation,La Jolla,US,2026-04-01T21:44:45.109Z
129.146.121.203,8443,50,50,0,,,,100,false,50,50,50,0,50,true,50,Oracle Corporation,Phoenix,US,2026-04-01T21:36:07.671Z
129.146.125.108,8443,50,50,0,,,,100,false,50,50,50,0,50,true,50,Oracle Corporation,Phoenix,US,2026-04-01T21:36:07.671Z
129.146.132.240,443,50,50,0,,,,100,false,50,50,50,0,50,true,50,Oracle Corporation,Phoenix,US,2026-04-01T21:36:07.672Z
129.146.137.214,443,50,50,0,,,,100,false,50,50,50,0,50,true,50,Oracle Corporation,Phoenix,US,2026-04-01T21:36:07.672Z
129.146.143.39,443,50,50,0,,,,100,false,50,50,50,0,50,true,50,Oracle Corporation,Phoenix,US,2026-04-01T21:36:07.673Z
129.146.24.229,443,50,50,0,,,,100,false,50,50,50,0,50,true,50,Oracle Corporation,Phoenix,US,2026-04-01T21:36:50.423Z
129.146.246.118,443,50,50,0,,,,100,false,50,50,50,0,50,true,50,Oracle Corporation,Phoenix,US,2026-04-01T21:36:50.423Z
129.146.254.25,443,50,50,0,,,,100,false,50,50,50,0,50,true,50,Oracle Corporation,Phoenix,US,2026-04-01T21:37:34.389Z
129.146.26.34,443,50,50,0,,,,100,false,50,50,50,0,50,true,50,Oracle Corporation,Phoenix,US,2026-04-01T21:37:34.390Z
129.146.3.163,443,50,50,0,,,,100,false,50,50,50,0,50,true,50,Oracle Corporation,Phoenix,US,2026-04-01T21:37:34.390Z
129.146.34.42,8443,50,50,0,,,,100,false,50,50,50,0,50,true,50,Oracle Corporation,Phoenix,US,2026-04-01T21:37:34.390Z
129.146.44.48,8443,50,50,0,,,,100,false,50,50,50,0,50,true,50,Oracle Corporation,Phoenix,US,2026-04-01T21:37:34.390Z
129.146.47.116,443,50,50,0,,,,100,false,50,50,50,0,50,true,50,Oracle Corporation,Phoenix,US,2026-04-01T21:37:34.390Z
129.146.48.121,2052,50,50,0,,,,100,false,50,50,50,0,50,true,50,Oracle Corporation,Phoenix,US,2026-04-01T21:37:34.390Z
129.146.55.116,443,50,50,0,,,,100,false,50,50,50,0,50,true,50,Oracle Corporation,Phoenix,US,2026-04-01T21:37:34.391Z
129.146.67.81,443,50,50,0,,,,100,false,50,50,50,0,50,true,50,Oracle Corporation,Phoenix,US,2026-04-01T21:38:16.822Z
129.146.84.188,443,50,50,0,,,,100,false,50,50,50,0,50,true,50,Oracle Corporation,Phoenix,US,2026-04-01T21:38:16.822Z
129.146.84.32,443,50,50,0,,,,100,false,50,50,50,0,50,true,50,Oracle Corporation,Phoenix,US,2026-04-01T21:38:16.822Z
129.146.86.75,20000,50,50,0,,,,100,false,50,50,50,0,50,true,50,Oracle Corporation,Phoenix,US,2026-04-01T21:38:16.822Z
129.153.126.127,443,50,50,0,,,,100,false,50,50,50,0,50,true,50,Oracle Corporation,Phoenix,US,2026-04-01T21:38:59.254Z
129.153.200.99,443,50,50,0,,,,100,false,50,50,50,0,50,true,50,Oracle Corporation,Phoenix,US,2026-04-01T21:38:59.254Z
129.153.203.157,20000,50,50,0,,,,100,false,50,50,50,0,50,true,50,Oracle Corporation,Phoenix,US,2026-04-01T21:38:59.255Z
129.153.204.9,443,50,50,0,,,,100,false,50,50,50,0,50,true,50,Oracle Corporation,Phoenix,US,2026-04-01T21:38:59.255Z
129.153.208.95,443,50,50,0,,,,100,false,50,50,50,0,50,true,50,Oracle Corporation,Phoenix,US,2026-04-01T21:38:59.255Z
129.153.77.227,443,50,50,0,,,,100,false,50,50,50,0,50,true,50,Oracle Corporation,Phoenix,US,2026-04-01T21:39:43.222Z
132.226.26.196,443,50,50,0,,,,100,false,50,50,50,0,50,true,50,Oracle Corporation,Phoenix,US,2026-04-01T21:42:37.495Z
137.131.19.31,443,50,50,0,,,,100,false,50,50,50,0,50,true,50,Oracle Corporation,La Jolla,US,2026-04-01T21:44:45.109Z
137.131.55.145,443,50,50,0,,,,100,false,50,50,50,0,50,true,50,Oracle Corporation,La Jolla,US,2026-04-01T21:44:45.110Z
129.146.104.110,443,51,50,0,,,,100,false,51,51,51,0,50,true,49.8,Oracle Corporation,Phoenix,US,2026-04-01T21:36:07.672Z
129.146.120.12,8443,51,50,0,,,,100,false,51,51,51,0,50,true,49.8,Oracle Corporation,Phoenix,US,2026-04-01T21:36:07.672Z
129.146.127.77,443,51,50,0,,,,100,false,51,51,51,0,50,true,49.8,Oracle Corporation,Phoenix,US,2026-04-01T21:36:07.673Z
129.146.129.30,443,51,50,0,,,,100,false,51,51,51,0,50,true,49.8,Oracle Corporation,Phoenix,US,2026-04-01T21:36:07.673Z
129.146.136.106,443,51,50,0,,,,100,false,51,51,51,0,50,true,49.8,Oracle Corporation,Phoenix,US,2026-04-01T21:36:07.673Z
129.146.137.136,443,51,50,0,,,,100,false,51,51,51,0,50,true,49.8,Oracle Corporation,Phoenix,US,2026-04-01T21:36:07.673Z
129.146.165.161,443,51,50,0,,,,100,false,51,51,51,0,50,true,49.8,Oracle Corporation,Phoenix,US,2026-04-01T21:36:07.674Z
129.146.185.214,443,51,50,0,,,,100,false,51,51,51,0,50,true,49.8,Oracle Corporation,Phoenix,US,2026-04-01T21:36:50.423Z
129.146.188.242,443,51,50,0,,,,100,false,51,51,51,0,50,true,49.8,Oracle Corporation,Phoenix,US,2026-04-01T21:36:50.423Z
129.146.188.78,444,51,50,0,,,,100,false,51,51,51,0,50,true,49.8,Oracle Corporation,Phoenix,US,2026-04-01T21:36:50.423Z
129.146.196.8,443,51,50,0,,,,100,false,51,51,51,0,50,true,49.8,Oracle Corporation,Phoenix,US,2026-04-01T21:36:50.423Z
129.146.199.96,443,51,50,0,,,,100,false,51,51,51,0,50,true,49.8,Oracle Corporation,Phoenix,US,2026-04-01T21:36:50.423Z
129.146.2.46,443,51,50,0,,,,100,false,51,51,51,0,50,true,49.8,Oracle Corporation,Phoenix,US,2026-04-01T21:36:50.423Z
129.146.213.162,443,51,50,0,,,,100,false,51,51,51,0,50,true,49.8,Oracle Corporation,Phoenix,US,2026-04-01T21:36:50.423Z
129.146.24.105,5000,51,50,0,,,,100,false,51,51,51,0,50,true,49.8,Oracle Corporation,Phoenix,US,2026-04-01T21:36:50.423Z
129.146.24.202,8443,51,50,0,,,,100,false,51,51,51,0,50,true,49.8,Oracle Corporation,Phoenix,US,2026-04-01T21:36:50.423Z
129.146.240.254,443,51,50,0,,,,100,false,51,51,51,0,50,true,49.8,Oracle Corporation,Phoenix,US,2026-04-01T21:36:50.424Z
129.146.246.3,80,51,50,0,,,,100,false,51,51,51,0,50,true,49.8,Oracle Corporation,Phoenix,US,2026-04-01T21:36:50.424Z
129.146.252.85,8443,51,50,0,,,,100,false,51,51,51,0,50,true,49.8,Oracle Corporation,Phoenix,US,2026-04-01T21:37:34.390Z
129.146.252.95,443,51,50,0,,,,100,false,51,51,51,0,50,true,49.8,Oracle Corporation,Phoenix,US,2026-04-01T21:37:34.390Z
129.146.36.178,443,51,50,0,,,,100,false,51,51,51,0,50,true,49.8,Oracle Corporation,Phoenix,US,2026-04-01T21:37:34.391Z
129.146.47.160,8443,51,50,0,,,,100,false,51,51,51,0,50,true,49.8,Oracle Corporation,Phoenix,US,2026-04-01T21:37:34.391Z
129.146.76.113,443,51,50,0,,,,100,false,51,51,51,0,50,true,49.8,Oracle Corporation,Phoenix,US,2026-04-01T21:38:16.823Z
129.146.9.224,443,51,50,0,,,,100,false,51,51,51,0,50,true,49.8,Oracle Corporation,Phoenix,US,2026-04-01T21:38:16.823Z
129.153.115.165,443,51,50,0,,,,100,false,51,51,51,0,50,true,49.8,Oracle Corporation,Phoenix,US,2026-04-01T21:38:59.255Z
129.153.124.177,443,51,50,0,,,,100,false,51,51,51,0,50,true,49.8,Oracle Corporation,Phoenix,US,2026-04-01T21:38:59.255Z
129.153.221.229,443,51,50,0,,,,100,false,51,51,51,0,50,true,49.8,Oracle Corporation,Phoenix,US,2026-04-01T21:38:59.256Z
129.153.96.228,443,51,50,0,,,,100,false,51,51,51,0,50,true,49.8,Oracle Corporation,Phoenix,US,2026-04-01T21:39:43.222Z
132.226.112.137,443,51,50,0,,,,100,false,51,51,51,0,50,true,49.8,Oracle Corporation,Phoenix,US,2026-04-01T21:42:37.495Z
132.226.124.16,8443,51,50,0,,,,100,false,51,51,51,0,50,true,49.8,Oracle Corporation,Phoenix,US,2026-04-01T21:42:37.496Z
132.226.88.54,8443,51,50,0,,,,100,false,51,51,51,0,50,true,49.8,Oracle Corporation,Phoenix,US,2026-04-01T21:43:19.927Z
137.131.5.203,443,51,50,0,,,,100,false,51,51,51,0,50,true,49.8,Oracle Corporation,La Jolla,US,2026-04-01T21:44:45.111Z
137.131.58.128,443,51,50,0,,,,100,false,51,51,51,0,50,true,49.8,Oracle Corporation,La Jolla,US,2026-04-01T21:44:45.112Z
129.146.174.117,443,52,50,0,,,,100,false,52,52,52,0,50,true,49.6,Oracle Corporation,Phoenix,US,2026-04-01T21:36:50.423Z
129.146.20.44,443,52,50,0,,,,100,false,52,52,52,0,50,true,49.6,Oracle Corporation,Phoenix,US,2026-04-01T21:36:50.424Z
129.146.85.151,443,52,50,0,,,,100,false,52,52,52,0,50,true,49.6,Oracle Corporation,Phoenix,US,2026-04-01T21:38:16.824Z
129.153.77.133,443,52,50,0,,,,100,false,52,52,52,0,50,true,49.6,Oracle Corporation,Phoenix,US,2026-04-01T21:39:43.223Z
132.226.110.161,443,52,50,0,,,,100,false,52,52,52,0,50,true,49.6,Oracle Corporation,Phoenix,US,2026-04-01T21:42:37.496Z
132.226.97.154,8443,52,50,0,,,,100,false,52,52,52,0,50,true,49.6,Oracle Corporation,Phoenix,US,2026-04-01T21:43:19.928Z
129.146.46.164,443,62,50,0,,,,100,false,62,62,62,0,50,true,47.6,Oracle Corporation,Phoenix,US,2026-04-01T21:37:34.402Z
129.153.70.168,4433,64,50,0,,,,100,false,64,64,64,0,50,true,47.2,Oracle Corporation,Phoenix,US,2026-04-01T21:38:59.269Z
129.146.47.193,443,109,50,0,,,,100,false,109,109,109,0,50,true,38.2,Oracle Corporation,Phoenix,US,2026-04-01T21:37:34.449Z
130.110.249.47,443,122,50,0,,,,100,false,122,122,122,0,50,true,35.6,Oracle Corporation,Windsor,US,2026-04-01T21:41:09.695Z
131.186.45.179,443,133,50,0,,,,100,false,133,133,133,0,50,true,33.4,Oracle Corporation,Tokyo,JP,2026-04-01T21:41:55.146Z
132.145.126.33,443,133,50,0,,,,100,false,133,133,133,0,50,true,33.4,Oracle Corporation,Tokyo,JP,2026-04-01T21:41:55.146Z
138.2.22.128,443,133,50,0,,,,100,false,133,133,133,0,50,true,33.4,Oracle Corporation,Tokyo,JP,2026-04-01T21:45:29.162Z
132.226.0.87,10443,134,50,0,,,,100,false,134,134,134,0,50,true,33.2,Oracle Corporation,Tokyo,JP,2026-04-01T21:42:37.579Z
13.230.34.30,80,135,50,0,,,,100,false,135,135,135,0,50,true,33,"AMAZON-02 - Amazon.com, Inc.",Tokyo,Japan,2026-04-01T21:41:09.707Z
131.186.35.251,443,135,50,0,,,,100,false,135,135,135,0,50,true,33,Oracle Corporation,Tokyo,JP,2026-04-01T21:41:09.708Z
131.186.41.101,443,135,50,0,,,,100,false,135,135,135,0,50,true,33,Oracle Corporation,Tokyo,JP,2026-04-01T21:41:55.148Z
132.145.125.101,443,135,50,0,,,,100,false,135,135,135,0,50,true,33,Oracle Corporation,Tokyo,JP,2026-04-01T21:41:55.148Z
132.145.127.84,443,135,50,0,,,,100,false,135,135,135,0,50,true,33,Oracle Corporation,Tokyo,JP,2026-04-01T21:41:55.148Z
131.186.39.8,4444,136,50,0,,,,100,false,136,136,136,0,50,true,32.8,Oracle Corporation,Tokyo,JP,2026-04-01T21:41:55.148Z
131.186.45.156,443,136,50,0,,,,100,false,136,136,136,0,50,true,32.8,Oracle Corporation,Tokyo,JP,2026-04-01T21:41:55.148Z
132.226.11.209,9443,136,50,0,,,,100,false,136,136,136,0,50,true,32.8,Oracle Corporation,Tokyo,JP,2026-04-01T21:42:37.580Z
132.226.12.74,443,136,50,0,,,,100,false,136,136,136,0,50,true,32.8,Oracle Corporation,Tokyo,JP,2026-04-01T21:42:37.580Z
138.2.14.49,443,136,50,0,,,,100,false,136,136,136,0,50,true,32.8,Oracle Corporation,Tokyo,JP,2026-04-01T21:45:29.164Z
138.2.16.61,8443,136,50,0,,,,100,false,136,136,136,0,50,true,32.8,Oracle Corporation,Tokyo,JP,2026-04-01T21:45:29.164Z
138.2.18.82,8880,136,50,0,,,,100,false,136,136,136,0,50,true,32.8,Oracle Corporation,Tokyo,JP,2026-04-01T21:45:29.164Z
132.145.127.203,2053,137,50,0,,,,100,false,137,137,137,0,50,true,32.6,Oracle Corporation,Tokyo,JP,2026-04-01T21:41:55.150Z
138.2.31.37,443,137,50,0,,,,100,false,137,137,137,0,50,true,32.6,Oracle Corporation,Tokyo,JP,2026-04-01T21:46:11.597Z
131.186.42.81,443,138,50,0,,,,100,false,138,138,138,0,50,true,32.4,Oracle Corporation,Tokyo,JP,2026-04-01T21:41:55.150Z
138.2.36.3,443,138,50,0,,,,100,false,138,138,138,0,50,true,32.4,Oracle Corporation,Osaka,JP,2026-04-01T21:46:11.599Z
13.114.234.229,80,139,50,0,,,,100,false,139,139,139,0,50,true,32.2,"AMAZON-02 - Amazon.com, Inc.",Tokyo,Japan,2026-04-01T21:41:09.711Z
132.226.7.85,443,139,50,0,,,,100,false,139,139,139,0,50,true,32.2,Oracle Corporation,Tokyo,JP,2026-04-01T21:43:20.014Z
138.2.31.40,443,139,50,0,,,,100,false,139,139,139,0,50,true,32.2,Oracle Corporation,Tokyo,JP,2026-04-01T21:46:11.599Z
138.2.35.25,443,139,50,0,,,,100,false,139,139,139,0,50,true,32.2,Oracle Corporation,Osaka,JP,2026-04-01T21:46:11.599Z
138.2.36.167,443,139,50,0,,,,100,false,139,139,139,0,50,true,32.2,Oracle Corporation,Osaka,JP,2026-04-01T21:46:11.601Z
138.2.36.109,443,140,50,0,,,,100,false,140,140,140,0,50,true,32,Oracle Corporation,Osaka,JP,2026-04-01T21:46:11.601Z
138.2.39.24,443,140,50,0,,,,100,false,140,140,140,0,50,true,32,Oracle Corporation,Osaka,JP,2026-04-01T21:46:11.601Z
138.2.32.6,443,141,50,0,,,,100,false,141,141,141,0,50,true,31.8,Oracle Corporation,Osaka,JP,2026-04-01T21:46:11.601Z
136.248.115.138,443,147,50,0,,,,100,false,147,147,147,0,50,true,30.6,Oracle Corporation,Wayland,US,2026-04-01T21:44:02.776Z
129.121.34.61,443,149,50,0,,,,100,false,149,149,149,0,50,true,30.2,Oracle Corporation,Burlington,US,2026-04-01T21:36:07.770Z
134.185.108.199,8443,168,50,0,,,,100,false,168,168,168,0,50,true,26.4,Oracle Corporation,Belmont,US,2026-04-01T21:43:20.045Z
134.185.110.40,8443,168,50,0,,,,100,false,168,168,168,0,50,true,26.4,Oracle Corporation,Belmont,US,2026-04-01T21:43:20.045Z
134.185.104.199,443,170,50,0,,,,100,false,170,170,170,0,50,true,26,Oracle Corporation,Belmont,US,2026-04-01T21:43:20.046Z
134.185.99.132,443,170,50,0,,,,100,false,170,170,170,0,50,true,26,Oracle Corporation,Belmont,US,2026-04-01T21:44:02.800Z
129.150.48.17,443,194,50,0,,,,100,false,194,194,194,0,50,true,21.2,Oracle Corporation,Singapore,SG,2026-04-01T21:38:16.968Z
129.150.35.29,587,195,50,0,,,,100,false,195,195,195,0,50,true,21,Oracle Corporation,Singapore,SG,2026-04-01T21:38:16.968Z
129.150.46.113,443,195,50,0,,,,100,false,195,195,195,0,50,true,21,Oracle Corporation,Singapore,SG,2026-04-01T21:38:16.968Z
129.150.55.155,443,196,50,0,,,,100,false,196,196,196,0,50,true,20.8,Oracle Corporation,Singapore,SG,2026-04-01T21:38:59.399Z
129.150.63.187,8443,196,50,0,,,,100,false,196,196,196,0,50,true,20.8,Oracle Corporation,Singapore,SG,2026-04-01T21:38:59.400Z
134.185.82.94,443,196,50,0,,,,100,false,196,196,196,0,50,true,20.8,ORACLE-BMC-31898,Belmont,US,2026-04-01T21:44:02.824Z
129.150.36.185,65,199,50,0,,,,100,false,199,199,199,0,50,true,20.2,Oracle Corporation,Singapore,SG,2026-04-01T21:38:16.972Z
129.150.46.130,9527,199,50,0,,,,100,false,199,199,199,0,50,true,20.2,Oracle Corporation,Singapore,SG,2026-04-01T21:38:16.972Z
134.185.88.229,443,199,50,0,,,,100,false,199,199,199,0,50,true,20.2,Oracle Corporation,Belmont,US,2026-04-01T21:44:02.828Z
134.185.88.235,2096,199,50,0,,,,100,false,199,199,199,0,50,true,20.2,Oracle Corporation,Belmont,US,2026-04-01T21:44:02.828Z
138.2.103.213,443,199,50,0,,,,100,false,199,199,199,0,50,true,20.2,Oracle Corporation,Singapore,SG,2026-04-01T21:44:45.259Z
129.150.50.84,443,200,50,0,,,,100,false,200,200,200,0,50,true,20,Oracle Corporation,Singapore,SG,2026-04-01T21:38:16.974Z
138.2.101.183,443,200,50,0,,,,100,false,200,200,200,0,50,true,20,Oracle Corporation,Singapore,SG,2026-04-01T21:44:45.260Z
138.2.102.105,443,200,50,0,,,,100,false,200,200,200,0,50,true,20,Oracle Corporation,Singapore,SG,2026-04-01T21:44:45.260Z
138.2.107.0,443,202,50,0,,,,100,false,202,202,202,0,50,true,19.6,Oracle Corporation,Singapore,SG,2026-04-01T21:44:45.263Z
129.150.41.40,443,203,50,0,,,,100,false,203,203,203,0,50,true,19.4,Oracle Corporation,Singapore,SG,2026-04-01T21:38:16.976Z
134.185.84.201,8443,204,50,0,,,,100,false,204,204,204,0,50,true,19.2,Oracle Corporation,Belmont,US,2026-04-01T21:44:02.833Z
