host,ip,port,protocol,title,domain,country,city,link,org
https://d250qlh00f3d5m.cloudfront.net,13.35.218.136,443,https,403 Forbidden,d250qlh00f3d5m.cloudfront.net,CN,Hong Kong,https://d250qlh00f3d5m.cloudfront.net,"Amazon.com, Inc."
https://43.198.109.195:60000,43.198.109.195,60000,https,,,CN,Hong Kong,https://43.198.109.195:60000,"Amazon.com, Inc."
18.166.210.9,18.166.210.9,80,http,,,CN,Hong Kong,http://18.166.210.9,"Amazon.com, Inc."
43.198.199.108:8080,43.198.199.108,8080,http,ASUS Login,,CN,Hong Kong,http://43.198.199.108:8080,"Amazon.com, Inc."
18.162.43.77:10255,18.162.43.77,10255,http,404 Not Found,,CN,Hong Kong,http://18.162.43.77:10255,"Amazon.com, Inc."
43.198.151.182:2064,43.198.151.182,2064,http,FortiGate,,CN,Hong Kong,http://43.198.151.182:2064,"Amazon.com, Inc."
https://43.199.157.231:3072,43.199.157.231,3072,https,,,CN,Hong Kong,https://43.199.157.231:3072,"Amazon.com, Inc."
https://43.198.110.253:3307,43.198.110.253,3307,https,FortiManager-VM64: None,,CN,Hong Kong,https://43.198.110.253:3307,"Amazon.com, Inc."
18.162.36.87,18.162.36.87,80,http,DRAGON4D | Platform Game Online Terbaik Di Indonesia,,CN,Hong Kong,http://18.162.36.87,"Amazon.com, Inc."
18.163.108.103,18.163.108.103,80,http,,,CN,Hong Kong,http://18.163.108.103,"Amazon.com, Inc."
18.162.200.149:3005,18.162.200.149,3005,http,USG310,,CN,Hong Kong,http://18.162.200.149:3005,"Amazon.com, Inc."
18.163.188.175:994,18.163.188.175,994,http,,,CN,Hong Kong,http://18.163.188.175:994,"Amazon.com, Inc."
43.198.151.182:4664,43.198.151.182,4664,http,FortiGate,,CN,Hong Kong,http://43.198.151.182:4664,"Amazon.com, Inc."
16.162.3.224:8000,16.162.3.224,8000,http,,,CN,Hong Kong,http://16.162.3.224:8000,"Amazon.com, Inc."
https://18.163.49.137:25448,18.163.49.137,25448,https,39Object not found!,,CN,Hong Kong,https://18.163.49.137:25448,"Amazon.com, Inc."
54.46.23.216,54.46.23.216,80,http,Welcome to nginx!,,CN,Hong Kong,http://54.46.23.216,"Amazon.com, Inc."
https://18.167.172.93:6466,18.167.172.93,6466,https,SAP NetWeaver Application Server Java,,CN,Hong Kong,https://18.167.172.93:6466,"Amazon.com, Inc."
43.198.60.149,43.198.60.149,80,http,,,CN,Hong Kong,http://43.198.60.149,"Amazon.com, Inc."
16.162.23.73:50075,16.162.23.73,50075,http,FortiManager-VM64: None,,CN,Hong Kong,http://16.162.23.73:50075,"Amazon.com, Inc."
43.198.207.27:5000,43.198.207.27,5000,http,,,CN,Hong Kong,http://43.198.207.27:5000,"Amazon.com, Inc."
16.162.32.150:6103,16.162.32.150,6103,http,AiCloud,,CN,Hong Kong,http://16.162.32.150:6103,"Amazon.com, Inc."
https://18.163.208.181:7537,18.163.208.181,7537,https,HTTP Status 404 – Not Found,,CN,Hong Kong,https://18.163.208.181:7537,"Amazon.com, Inc."
https://43.198.95.146:135,43.198.95.146,135,https,,,CN,Hong Kong,https://43.198.95.146:135,"Amazon.com, Inc."
16.162.4.106:8083,16.162.4.106,8083,http,SAP NetWeaver Application Server Java,,CN,Hong Kong,http://16.162.4.106:8083,"Amazon.com, Inc."
16.162.163.6,16.162.163.6,80,http,,,CN,Hong Kong,http://16.162.163.6,"Amazon.com, Inc."
https://18.167.134.231:29090,18.167.134.231,29090,https,SAP NetWeaver Application Server Java,,CN,Hong Kong,https://18.167.134.231:29090,"Amazon.com, Inc."
16.162.242.218,16.162.242.218,80,http,,,CN,Hong Kong,http://16.162.242.218,"Amazon.com, Inc."
43.198.213.130,43.198.213.130,80,http,,,CN,Hong Kong,http://43.198.213.130,"Amazon.com, Inc."
https://43.198.153.15:18853,43.198.153.15,18853,https,PaperCut Login,,CN,Hong Kong,https://43.198.153.15:18853,"Amazon.com, Inc."
43.198.187.122:8090,43.198.187.122,8090,http,PaperCut Login,,CN,Hong Kong,http://43.198.187.122:8090,"Amazon.com, Inc."
16.162.95.222,16.162.95.222,80,http,,,CN,Hong Kong,http://16.162.95.222,"Amazon.com, Inc."
https://18.166.68.255:8989,18.166.68.255,8989,https,,,CN,Hong Kong,https://18.166.68.255:8989,"Amazon.com, Inc."
18.162.97.153:8082,18.162.97.153,8082,http,ASUS Login,,CN,Hong Kong,http://18.162.97.153:8082,"Amazon.com, Inc."
https://43.199.144.36:1194,43.199.144.36,1194,https,USG310,,CN,Hong Kong,https://43.199.144.36:1194,"Amazon.com, Inc."
43.198.198.14,43.198.198.14,80,http,,,CN,Hong Kong,http://43.198.198.14,"Amazon.com, Inc."
43.199.40.213,43.199.40.213,80,http,302 Found,,CN,Hong Kong,http://43.199.40.213,"Amazon.com, Inc."
18.167.234.175,18.167.234.175,80,http,,,CN,Hong Kong,http://18.167.234.175,"Amazon.com, Inc."
https://16.162.4.11:2078,16.162.4.11,2078,https,,,CN,Hong Kong,https://16.162.4.11:2078,"Amazon.com, Inc."
https://18.162.142.65:49674,18.162.142.65,49674,https,Introduction,,CN,Hong Kong,https://18.162.142.65:49674,"Amazon.com, Inc."
18.163.6.169:8080,18.163.6.169,8080,http,Cisco RV340 VPN Router,,CN,Hong Kong,http://18.163.6.169:8080,"Amazon.com, Inc."
https://18.162.44.241:58000,18.162.44.241,58000,https,Remote Support Portal,,CN,Hong Kong,https://18.162.44.241:58000,"Amazon.com, Inc."
https://16.162.143.120,16.162.143.120,443,https,403 Forbidden,,CN,Hong Kong,https://16.162.143.120,"Amazon.com, Inc."
https://43.199.177.161,43.199.177.161,443,https,,,CN,Hong Kong,https://43.199.177.161,"Amazon.com, Inc."
16.162.4.11:3128,16.162.4.11,3128,http,,,CN,Hong Kong,http://16.162.4.11:3128,"Amazon.com, Inc."
https://18.162.45.114:2562,18.162.45.114,2562,https,FortiManager-VM64: None,,CN,Hong Kong,https://18.162.45.114:2562,"Amazon.com, Inc."
https://18.163.24.247:3389,18.163.24.247,3389,https,ASUS Login,,CN,Hong Kong,https://18.163.24.247:3389,"Amazon.com, Inc."
https://16.163.141.243,16.163.141.243,443,https,403 Forbidden,,CN,Hong Kong,https://16.163.141.243,"Amazon.com, Inc."
https://18.167.205.58,18.167.205.58,443,https,403 Forbidden,,CN,Hong Kong,https://18.167.205.58,"Amazon.com, Inc."
https://18.163.2.155:43215,18.163.2.155,43215,https,,,CN,Hong Kong,https://18.163.2.155:43215,"Amazon.com, Inc."
https://www.23695.exchange,16.162.24.239,443,https,,23695.exchange,CN,Hong Kong,https://www.23695.exchange,"Amazon.com, Inc."
365yl.cc,18.166.225.50,80,http,,365yl.cc,CN,Hong Kong,http://365yl.cc,"Amazon.com, Inc."
qwohb.vip,18.166.225.50,80,http,,qwohb.vip,CN,Hong Kong,http://qwohb.vip,"Amazon.com, Inc."
bxrta.vip,16.162.24.239,80,http,,bxrta.vip,CN,Hong Kong,http://bxrta.vip,"Amazon.com, Inc."
www.223678.cc,16.162.24.239,80,http,,223678.cc,CN,Hong Kong,http://www.223678.cc,"Amazon.com, Inc."
https://www.223678.cc,16.162.24.239,443,https,,223678.cc,CN,Hong Kong,https://www.223678.cc,"Amazon.com, Inc."
https://43.198.102.196:2401,43.198.102.196,2401,https,Log In - Confluence,,CN,Hong Kong,https://43.198.102.196:2401,"Amazon.com, Inc."
43.198.90.177:8089,43.198.90.177,8089,http,,,CN,Hong Kong,http://43.198.90.177:8089,"Amazon.com, Inc."
https://43.198.195.189,43.198.195.189,443,https,403 Forbidden,,CN,Hong Kong,https://43.198.195.189,"Amazon.com, Inc."
18.162.47.255:443,18.162.47.255,443,http,,,CN,Hong Kong,http://18.162.47.255:443,"Amazon.com, Inc."
43.198.223.111:3524,43.198.223.111,3524,http,Log In - Confluence,,CN,Hong Kong,http://43.198.223.111:3524,"Amazon.com, Inc."
18.166.211.211:10000,18.166.211.211,10000,http,Document Moved,,CN,Hong Kong,http://18.166.211.211:10000,"Amazon.com, Inc."
povsd.vip,18.166.225.50,80,http,,povsd.vip,CN,Hong Kong,http://povsd.vip,"Amazon.com, Inc."
https://16.162.254.82:5060,16.162.254.82,5060,https,FortiGate,,CN,Hong Kong,https://16.162.254.82:5060,"Amazon.com, Inc."
43.198.186.81:9004,43.198.186.81,9004,http,CrushFTP WebInterface,,CN,Hong Kong,http://43.198.186.81:9004,"Amazon.com, Inc."
https://18.167.126.192:136,18.167.126.192,136,https,Login page,,CN,Hong Kong,https://18.167.126.192:136,"Amazon.com, Inc."
25370.ch,18.166.225.50,80,http,,25370.ch,CN,Hong Kong,http://25370.ch,"Amazon.com, Inc."
https://awfrv.vip,16.162.24.239,443,https,,awfrv.vip,CN,Hong Kong,https://awfrv.vip,"Amazon.com, Inc."
uippk.vip,18.166.225.50,80,http,,uippk.vip,CN,Hong Kong,http://uippk.vip,"Amazon.com, Inc."
https://uippk.vip,16.162.24.239,443,https,,uippk.vip,CN,Hong Kong,https://uippk.vip,"Amazon.com, Inc."
35789.villas,18.166.225.50,80,http,,35789.villas,CN,Hong Kong,http://35789.villas,"Amazon.com, Inc."
https://www.ruxsy.vip,18.166.225.50,443,https,,ruxsy.vip,CN,Hong Kong,https://www.ruxsy.vip,"Amazon.com, Inc."
https://43.199.29.177,43.199.29.177,443,https,403 Forbidden,,CN,Hong Kong,https://43.199.29.177,"Amazon.com, Inc."
https://43.199.184.226,43.199.184.226,443,https,302 Found,,CN,Hong Kong,https://43.199.184.226,"Amazon.com, Inc."
43.198.203.193:8983,43.198.203.193,8983,http,PaperCut Login,,CN,Hong Kong,http://43.198.203.193:8983,"Amazon.com, Inc."
https://43.198.203.193:2233,43.198.203.193,2233,https,PaperCut Login,,CN,Hong Kong,https://43.198.203.193:2233,"Amazon.com, Inc."
https://43.198.247.152:45564,43.198.247.152,45564,https,,,CN,Hong Kong,https://43.198.247.152:45564,"Amazon.com, Inc."
43.199.74.172:443,43.199.74.172,443,http,,,CN,Hong Kong,http://43.199.74.172:443,"Amazon.com, Inc."
18.163.125.50:8081,18.163.125.50,8081,http," Login - CyberPanel ",,CN,Hong Kong,http://18.163.125.50:8081,"Amazon.com, Inc."
https://18.163.210.190:587,18.163.210.190,587,https,ServiceNow,,CN,Hong Kong,https://18.163.210.190:587,"Amazon.com, Inc."
https://hwrqc.vip,18.166.225.50,443,https,,hwrqc.vip,CN,Hong Kong,https://hwrqc.vip,"Amazon.com, Inc."
trpam.vip,16.162.24.239,80,http,,trpam.vip,CN,Hong Kong,http://trpam.vip,"Amazon.com, Inc."
https://uiyob.vip,18.166.225.50,443,https,,uiyob.vip,CN,Hong Kong,https://uiyob.vip,"Amazon.com, Inc."
xeglp.cn,18.166.225.50,80,http,,xeglp.cn,CN,Hong Kong,http://xeglp.cn,"Amazon.com, Inc."
www.povsd.vip,18.166.225.50,80,http,,povsd.vip,CN,Hong Kong,http://www.povsd.vip,"Amazon.com, Inc."
www.rjanu.vip,16.162.24.239,80,http,,rjanu.vip,CN,Hong Kong,http://www.rjanu.vip,"Amazon.com, Inc."
www.hrckl.cn,18.166.225.50,80,http,,hrckl.cn,CN,Hong Kong,http://www.hrckl.cn,"Amazon.com, Inc."
www.rupta.cn,16.162.24.239,80,http,,rupta.cn,CN,Hong Kong,http://www.rupta.cn,"Amazon.com, Inc."
cyhuk.cn,18.166.225.50,80,http,,cyhuk.cn,CN,Hong Kong,http://cyhuk.cn,"Amazon.com, Inc."
rupta.cn,16.162.24.239,80,http,,rupta.cn,CN,Hong Kong,http://rupta.cn,"Amazon.com, Inc."
https://www.cimyf.cn,16.162.24.239,443,https,,cimyf.cn,CN,Hong Kong,https://www.cimyf.cn,"Amazon.com, Inc."
https://www.rjanu.vip,16.162.24.239,443,https,,rjanu.vip,CN,Hong Kong,https://www.rjanu.vip,"Amazon.com, Inc."
https://www.hrckl.cn,16.162.24.239,443,https,,hrckl.cn,CN,Hong Kong,https://www.hrckl.cn,"Amazon.com, Inc."
https://www.cyhuk.cn,18.166.225.50,443,https,,cyhuk.cn,CN,Hong Kong,https://www.cyhuk.cn,"Amazon.com, Inc."
www.gyuxd.cn,18.166.225.50,80,http,,gyuxd.cn,CN,Hong Kong,http://www.gyuxd.cn,"Amazon.com, Inc."
https://wqfce.vip,16.162.24.239,443,https,,wqfce.vip,CN,Hong Kong,https://wqfce.vip,"Amazon.com, Inc."
mklcf.cn,18.166.225.50,80,http,,mklcf.cn,CN,Hong Kong,http://mklcf.cn,"Amazon.com, Inc."
https://www.xeglp.cn,18.166.225.50,443,https,,xeglp.cn,CN,Hong Kong,https://www.xeglp.cn,"Amazon.com, Inc."
https://www.wqfce.vip,18.166.225.50,443,https,,wqfce.vip,CN,Hong Kong,https://www.wqfce.vip,"Amazon.com, Inc."
https://dorlh.cn,18.166.225.50,443,https,,dorlh.cn,CN,Hong Kong,https://dorlh.cn,"Amazon.com, Inc."
www.kzqra.vip,18.166.225.50,80,http,,kzqra.vip,CN,Hong Kong,http://www.kzqra.vip,"Amazon.com, Inc."
www.cimyf.cn,16.162.24.239,80,http,,cimyf.cn,CN,Hong Kong,http://www.cimyf.cn,"Amazon.com, Inc."
kzqra.vip,18.166.225.50,80,http,,kzqra.vip,CN,Hong Kong,http://kzqra.vip,"Amazon.com, Inc."
https://kzqra.vip,18.166.225.50,443,https,,kzqra.vip,CN,Hong Kong,https://kzqra.vip,"Amazon.com, Inc."
https://54.46.121.217:8554,54.46.121.217,8554,https,,,CN,Hong Kong,https://54.46.121.217:8554,"Amazon.com, Inc."
https://16.163.147.103,16.163.147.103,443,https,403 Forbidden,,CN,Hong Kong,https://16.163.147.103,"Amazon.com, Inc."
18.166.242.223:443,18.166.242.223,443,http,,,CN,Hong Kong,http://18.166.242.223:443,"Amazon.com, Inc."
https://www.18jmttline01.xyz,43.198.146.98,443,https,,18jmttline01.xyz,CN,Hong Kong,https://www.18jmttline01.xyz,"Amazon.com, Inc."
https://18jmttline01.xyz,43.198.157.202,443,https,,18jmttline01.xyz,CN,Hong Kong,https://18jmttline01.xyz,"Amazon.com, Inc."
18jmttline01.xyz,43.198.157.202,80,http,,18jmttline01.xyz,CN,Hong Kong,http://18jmttline01.xyz,"Amazon.com, Inc."
www.18jmttline01.xyz,43.198.146.98,80,http,,18jmttline01.xyz,CN,Hong Kong,http://www.18jmttline01.xyz,"Amazon.com, Inc."
https://18.166.64.255,18.166.64.255,443,https,403 Forbidden,,CN,Hong Kong,https://18.166.64.255,"Amazon.com, Inc."
https://18.163.1.90,18.163.1.90,443,https,403 Forbidden,,CN,Hong Kong,https://18.163.1.90,"Amazon.com, Inc."
https://54.46.104.159,54.46.104.159,443,https,403 Forbidden,,CN,Hong Kong,https://54.46.104.159,"Amazon.com, Inc."
https://18.166.65.218,18.166.65.218,443,https,403 Forbidden,,CN,Hong Kong,https://18.166.65.218,"Amazon.com, Inc."
https://18.167.8.44,18.167.8.44,443,https,302 Found,,CN,Hong Kong,https://18.167.8.44,"Amazon.com, Inc."
https://18.163.75.121:2156,18.163.75.121,2156,https,,,CN,Hong Kong,https://18.163.75.121:2156,"Amazon.com, Inc."
https://ctnby.vip,18.166.225.50,443,https,,ctnby.vip,CN,Hong Kong,https://ctnby.vip,"Amazon.com, Inc."
34237.shop,18.166.225.50,80,http,,34237.shop,CN,Hong Kong,http://34237.shop,"Amazon.com, Inc."
https://pying.app,16.162.24.239,443,https,,pying.app,CN,Hong Kong,https://pying.app,"Amazon.com, Inc."
https://34237.shop,16.162.24.239,443,https,,34237.shop,CN,Hong Kong,https://34237.shop,"Amazon.com, Inc."
47189.villas,18.166.225.50,80,http,,47189.villas,CN,Hong Kong,http://47189.villas,"Amazon.com, Inc."
https://43.198.58.92,43.198.58.92,443,https,,,CN,Hong Kong,https://43.198.58.92,"Amazon.com, Inc."
https://jybtg.app,18.166.225.50,443,https,,jybtg.app,CN,Hong Kong,https://jybtg.app,"Amazon.com, Inc."
https://gfvhj.app,18.166.225.50,443,https,,gfvhj.app,CN,Hong Kong,https://gfvhj.app,"Amazon.com, Inc."
https://phgrv.app,16.162.24.239,443,https,,phgrv.app,CN,Hong Kong,https://phgrv.app,"Amazon.com, Inc."
jybtg.app,18.166.225.50,80,http,,jybtg.app,CN,Hong Kong,http://jybtg.app,"Amazon.com, Inc."
43.199.187.245:9300,43.199.187.245,9300,http,404 Not Found,,CN,Hong Kong,http://43.199.187.245:9300,"Amazon.com, Inc."
byvfx.app,18.166.225.50,80,http,,byvfx.app,CN,Hong Kong,http://byvfx.app,"Amazon.com, Inc."
https://byvfx.app,18.166.225.50,443,https,,byvfx.app,CN,Hong Kong,https://byvfx.app,"Amazon.com, Inc."
43.199.187.245:9100,43.199.187.245,9100,http,404 Not Found,,CN,Hong Kong,http://43.199.187.245:9100,"Amazon.com, Inc."
43.199.187.245:8800,43.199.187.245,8800,http,404 Not Found,,CN,Hong Kong,http://43.199.187.245:8800,"Amazon.com, Inc."
https://43.198.253.247,43.198.253.247,443,https,,,CN,Hong Kong,https://43.198.253.247,"Amazon.com, Inc."
https://54.46.121.13:9443,54.46.121.13,9443,https,PaperCut Login,,CN,Hong Kong,https://54.46.121.13:9443,"Amazon.com, Inc."
https://18.162.110.244,18.162.110.244,443,https,403 Forbidden,,CN,Hong Kong,https://18.162.110.244,"Amazon.com, Inc."
https://43.198.86.3,43.198.86.3,443,https,403 Forbidden,,CN,Hong Kong,https://43.198.86.3,"Amazon.com, Inc."
43.198.153.220:83,43.198.153.220,83,http,,,CN,Hong Kong,http://43.198.153.220:83,"Amazon.com, Inc."
18.162.241.64:443,18.162.241.64,443,http,,,CN,Hong Kong,http://18.162.241.64:443,"Amazon.com, Inc."
21318.shop,16.162.24.239,80,http,,21318.shop,CN,Hong Kong,http://21318.shop,"Amazon.com, Inc."
https://21318.shop,16.162.24.239,443,https,,21318.shop,CN,Hong Kong,https://21318.shop,"Amazon.com, Inc."
16.163.29.112:25010,16.163.29.112,25010,http,Directory Listing For [/],,CN,Hong Kong,http://16.163.29.112:25010,"Amazon.com, Inc."
https://16.163.29.112:5060,16.163.29.112,5060,https,Directory Listing For [/],,CN,Hong Kong,https://16.163.29.112:5060,"Amazon.com, Inc."
https://poiyv.vip,18.166.225.50,443,https,,poiyv.vip,CN,Hong Kong,https://poiyv.vip,"Amazon.com, Inc."
poiyv.vip,16.162.24.239,80,http,,poiyv.vip,CN,Hong Kong,http://poiyv.vip,"Amazon.com, Inc."
ltbih.vip,18.166.225.50,80,http,,ltbih.vip,CN,Hong Kong,http://ltbih.vip,"Amazon.com, Inc."
https://ltbih.vip,18.166.225.50,443,https,,ltbih.vip,CN,Hong Kong,https://ltbih.vip,"Amazon.com, Inc."
43.198.205.62:9981,43.198.205.62,9981,http,FortiGate,,CN,Hong Kong,http://43.198.205.62:9981,"Amazon.com, Inc."
https://43.199.90.154,43.199.90.154,443,https,403 Forbidden,,CN,Hong Kong,https://43.199.90.154,"Amazon.com, Inc."
https://16.162.95.222,16.162.95.222,443,https,301 Moved Permanently,,CN,Hong Kong,https://16.162.95.222,"Amazon.com, Inc."
16.163.31.231:28017,16.163.31.231,28017,http,FortiGate,,CN,Hong Kong,http://16.163.31.231:28017,"Amazon.com, Inc."
https://16.163.31.231:2067,16.163.31.231,2067,https,FortiGate,,CN,Hong Kong,https://16.163.31.231:2067,"Amazon.com, Inc."
43.199.231.225:9008,43.199.231.225,9008,http,,,CN,Hong Kong,http://43.199.231.225:9008,"Amazon.com, Inc."
16.163.31.231:4567,16.163.31.231,4567,http,FortiGate,,CN,Hong Kong,http://16.163.31.231:4567,"Amazon.com, Inc."
18.163.208.176:5001,18.163.208.176,5001,http,SAP NetWeaver Application Server Java,,CN,Hong Kong,http://18.163.208.176:5001,"Amazon.com, Inc."
58679.immo,18.166.225.50,80,http,,58679.immo,CN,Hong Kong,http://58679.immo,"Amazon.com, Inc."
97583.immo,16.162.24.239,80,http,,97583.immo,CN,Hong Kong,http://97583.immo,"Amazon.com, Inc."
https://97583.immo,18.166.225.50,443,https,,97583.immo,CN,Hong Kong,https://97583.immo,"Amazon.com, Inc."
https://16.163.123.73:2054,16.163.123.73,2054,https,USG310,,CN,Hong Kong,https://16.163.123.73:2054,"Amazon.com, Inc."
https://18.162.194.222:199,18.162.194.222,199,https,superwebmailer,,CN,Hong Kong,https://18.162.194.222:199,"Amazon.com, Inc."
www.jybtg.app,18.166.225.50,80,http,,jybtg.app,CN,Hong Kong,http://www.jybtg.app,"Amazon.com, Inc."
https://www.jybtg.app,18.166.225.50,443,https,,jybtg.app,CN,Hong Kong,https://www.jybtg.app,"Amazon.com, Inc."
www.phgrv.app,18.166.225.50,80,http,,phgrv.app,CN,Hong Kong,http://www.phgrv.app,"Amazon.com, Inc."
https://www.fgvxs.vip,18.166.225.50,443,https,,fgvxs.vip,CN,Hong Kong,https://www.fgvxs.vip,"Amazon.com, Inc."
www.ctnby.vip,18.166.225.50,80,http,,ctnby.vip,CN,Hong Kong,http://www.ctnby.vip,"Amazon.com, Inc."
https://www.poiyv.vip,18.166.225.50,443,https,,poiyv.vip,CN,Hong Kong,https://www.poiyv.vip,"Amazon.com, Inc."
https://www.ctnby.vip,18.166.225.50,443,https,,ctnby.vip,CN,Hong Kong,https://www.ctnby.vip,"Amazon.com, Inc."
www.ltbih.vip,16.162.24.239,80,http,,ltbih.vip,CN,Hong Kong,http://www.ltbih.vip,"Amazon.com, Inc."
www.byvfx.app,18.166.225.50,80,http,,byvfx.app,CN,Hong Kong,http://www.byvfx.app,"Amazon.com, Inc."
https://www.pying.app,16.162.24.239,443,https,,pying.app,CN,Hong Kong,https://www.pying.app,"Amazon.com, Inc."
https://18.162.194.222:32677,18.162.194.222,32677,https,PaperCut Login,,CN,Hong Kong,https://18.162.194.222:32677,"Amazon.com, Inc."
https://www.phgrv.app,16.162.24.239,443,https,,phgrv.app,CN,Hong Kong,https://www.phgrv.app,"Amazon.com, Inc."
https://www.ltbih.vip,18.166.225.50,443,https,,ltbih.vip,CN,Hong Kong,https://www.ltbih.vip,"Amazon.com, Inc."
www.poiyv.vip,16.162.24.239,80,http,,poiyv.vip,CN,Hong Kong,http://www.poiyv.vip,"Amazon.com, Inc."
https://73968.immo,18.166.225.50,443,https,,73968.immo,CN,Hong Kong,https://73968.immo,"Amazon.com, Inc."
73968.immo,18.166.225.50,80,http,,73968.immo,CN,Hong Kong,http://73968.immo,"Amazon.com, Inc."
43.198.242.73:18080,43.198.242.73,18080,http,Remote Support Portal,,CN,Hong Kong,http://43.198.242.73:18080,"Amazon.com, Inc."
35137.shop,18.166.225.50,80,http,,35137.shop,CN,Hong Kong,http://35137.shop,"Amazon.com, Inc."
https://35137.shop,16.162.24.239,443,https,,35137.shop,CN,Hong Kong,https://35137.shop,"Amazon.com, Inc."
43.198.212.83:8983,43.198.212.83,8983,http,,,CN,Hong Kong,http://43.198.212.83:8983,"Amazon.com, Inc."
uiyov.vip,16.162.24.239,80,http,,uiyov.vip,CN,Hong Kong,http://uiyov.vip,"Amazon.com, Inc."
https://uiyov.vip,18.166.225.50,443,https,,uiyov.vip,CN,Hong Kong,https://uiyov.vip,"Amazon.com, Inc."
https://uiyoa.vip,18.166.225.50,443,https,,uiyoa.vip,CN,Hong Kong,https://uiyoa.vip,"Amazon.com, Inc."
https://97083.app,16.162.24.239,443,https,,97083.app,CN,Hong Kong,https://97083.app,"Amazon.com, Inc."
70139.app,18.166.225.50,80,http,,70139.app,CN,Hong Kong,http://70139.app,"Amazon.com, Inc."
https://70139.app,18.166.225.50,443,https,,70139.app,CN,Hong Kong,https://70139.app,"Amazon.com, Inc."
https://59108.app,16.162.24.239,443,https,,59108.app,CN,Hong Kong,https://59108.app,"Amazon.com, Inc."
https://myzvp.vip,18.166.225.50,443,https,,myzvp.vip,CN,Hong Kong,https://myzvp.vip,"Amazon.com, Inc."
https://63895.vip,16.162.24.239,443,https,,63895.vip,CN,Hong Kong,https://63895.vip,"Amazon.com, Inc."
myzvp.vip,18.166.225.50,80,http,,myzvp.vip,CN,Hong Kong,http://myzvp.vip,"Amazon.com, Inc."
29376.vip,18.166.225.50,80,http,,29376.vip,CN,Hong Kong,http://29376.vip,"Amazon.com, Inc."
https://xhcbn.vip,16.162.24.239,443,https,,xhcbn.vip,CN,Hong Kong,https://xhcbn.vip,"Amazon.com, Inc."
https://psrwa.vip,16.162.24.239,443,https,,psrwa.vip,CN,Hong Kong,https://psrwa.vip,"Amazon.com, Inc."
https://43.198.212.83:1983,43.198.212.83,1983,https,,,CN,Hong Kong,https://43.198.212.83:1983,"Amazon.com, Inc."
https://18.163.122.48:1982,18.163.122.48,1982,https,,,CN,Hong Kong,https://18.163.122.48:1982,"Amazon.com, Inc."
https://18.167.166.180:18790,18.167.166.180,18790,https,Infocon Holding - EasyIO-30P Sedona,,CN,Hong Kong,https://18.167.166.180:18790,"Amazon.com, Inc."
18jmtt29.xyz,43.198.213.130,80,http,,18jmtt29.xyz,CN,Hong Kong,http://18jmtt29.xyz,"Amazon.com, Inc."
https://73865.cc,18.166.225.50,443,https,,73865.cc,CN,Hong Kong,https://73865.cc,"Amazon.com, Inc."
kmpqz.vip,18.166.225.50,80,http,,kmpqz.vip,CN,Hong Kong,http://kmpqz.vip,"Amazon.com, Inc."
https://kmpqz.vip,18.166.225.50,443,https,,kmpqz.vip,CN,Hong Kong,https://kmpqz.vip,"Amazon.com, Inc."
78395.vip,18.166.225.50,80,http,,78395.vip,CN,Hong Kong,http://78395.vip,"Amazon.com, Inc."
18.162.43.241:4369,18.162.43.241,4369,http,ruckus wireless,,CN,Hong Kong,http://18.162.43.241:4369,"Amazon.com, Inc."
https://18.162.109.171:9093,18.162.109.171,9093,https,ASUS Login,,CN,Hong Kong,https://18.162.109.171:9093,"Amazon.com, Inc."
63287.vip,16.162.24.239,80,http,,63287.vip,CN,Hong Kong,http://63287.vip,"Amazon.com, Inc."
76395.vip,16.162.24.239,80,http,,76395.vip,CN,Hong Kong,http://76395.vip,"Amazon.com, Inc."
https://63287.vip,18.166.225.50,443,https,,63287.vip,CN,Hong Kong,https://63287.vip,"Amazon.com, Inc."
https://qarfv.vip,16.162.24.239,443,https,,qarfv.vip,CN,Hong Kong,https://qarfv.vip,"Amazon.com, Inc."
https://43.199.161.61:6502,43.199.161.61,6502,https,Remote Support Portal,,CN,Hong Kong,https://43.199.161.61:6502,"Amazon.com, Inc."
16.163.102.244:8085,16.163.102.244,8085,http,SSL VPN Service,,CN,Hong Kong,http://16.163.102.244:8085,"Amazon.com, Inc."
43.199.156.8:2077,43.199.156.8,2077,http,,,CN,Hong Kong,http://43.199.156.8:2077,"Amazon.com, Inc."
https://18.163.81.58:1965,18.163.81.58,1965,https,,,CN,Hong Kong,https://18.163.81.58:1965,"Amazon.com, Inc."
18.162.142.175:3542,18.162.142.175,3542,http,Infocon Holding - EasyIO-30P Sedona,,CN,Hong Kong,http://18.162.142.175:3542,"Amazon.com, Inc."
73695.vip,18.166.225.50,80,http,,73695.vip,CN,Hong Kong,http://73695.vip,"Amazon.com, Inc."
https://72359.vip,18.166.225.50,443,https,,72359.vip,CN,Hong Kong,https://72359.vip,"Amazon.com, Inc."
43.199.207.71:8378,43.199.207.71,8378,http,PaperCut Login,,CN,Hong Kong,http://43.199.207.71:8378,"Amazon.com, Inc."
https://43.198.151.53:60000,43.198.151.53,60000,https,Download Master,,CN,Hong Kong,https://43.198.151.53:60000,"Amazon.com, Inc."
https://43.199.209.123:1955,43.199.209.123,1955,https,404 Not Found,,CN,Hong Kong,https://43.199.209.123:1955,"Amazon.com, Inc."
37296.vip,18.166.225.50,80,http,,37296.vip,CN,Hong Kong,http://37296.vip,"Amazon.com, Inc."
https://37296.vip,16.162.24.239,443,https,,37296.vip,CN,Hong Kong,https://37296.vip,"Amazon.com, Inc."
www.34237.shop,16.162.24.239,80,http,,34237.shop,CN,Hong Kong,http://www.34237.shop,"Amazon.com, Inc."
https://www.21318.shop,18.166.225.50,443,https,,21318.shop,CN,Hong Kong,https://www.21318.shop,"Amazon.com, Inc."
www.21318.shop,16.162.24.239,80,http,,21318.shop,CN,Hong Kong,http://www.21318.shop,"Amazon.com, Inc."
https://www.21398.shop,16.162.24.239,443,https,,21398.shop,CN,Hong Kong,https://www.21398.shop,"Amazon.com, Inc."
https://43.199.158.0:18789,43.199.158.0,18789,https,Remote Support Portal,,CN,Hong Kong,https://43.199.158.0:18789,"Amazon.com, Inc."
https://83796.cc,18.166.225.50,443,https,,83796.cc,CN,Hong Kong,https://83796.cc,"Amazon.com, Inc."
www.yisax.vip,18.166.225.50,80,http,,yisax.vip,CN,Hong Kong,http://www.yisax.vip,"Amazon.com, Inc."
https://yisax.vip,18.166.225.50,443,https,,yisax.vip,CN,Hong Kong,https://yisax.vip,"Amazon.com, Inc."
www.awfrv.vip,16.162.24.239,80,http,,awfrv.vip,CN,Hong Kong,http://www.awfrv.vip,"Amazon.com, Inc."
https://www.nutbv.vip,16.162.24.239,443,https,,nutbv.vip,CN,Hong Kong,https://www.nutbv.vip,"Amazon.com, Inc."
www.benom.vip,18.166.225.50,80,http,,benom.vip,CN,Hong Kong,http://www.benom.vip,"Amazon.com, Inc."
https://www.awfrv.vip,18.166.225.50,443,https,,awfrv.vip,CN,Hong Kong,https://www.awfrv.vip,"Amazon.com, Inc."
www.huqwg.vip,18.166.225.50,80,http,,huqwg.vip,CN,Hong Kong,http://www.huqwg.vip,"Amazon.com, Inc."
https://www.huqwg.vip,16.162.24.239,443,https,,huqwg.vip,CN,Hong Kong,https://www.huqwg.vip,"Amazon.com, Inc."
https://18.163.49.68:4444,18.163.49.68,4444,https,SAP NetWeaver Application Server Java,,CN,Hong Kong,https://18.163.49.68:4444,"Amazon.com, Inc."
https://18.163.16.188:1460,18.163.16.188,1460,https," Login - CyberPanel ",,CN,Hong Kong,https://18.163.16.188:1460,"Amazon.com, Inc."
https://43.198.90.142:49165,43.198.90.142,49165,https,,,CN,Hong Kong,https://43.198.90.142:49165,"Amazon.com, Inc."
https://www.36237.ch,18.166.225.50,443,https,,36237.ch,CN,Hong Kong,https://www.36237.ch,"Amazon.com, Inc."
19351.ch,18.166.225.50,80,http,,19351.ch,CN,Hong Kong,http://19351.ch,"Amazon.com, Inc."
https://www.19351.ch,16.162.24.239,443,https,,19351.ch,CN,Hong Kong,https://www.19351.ch,"Amazon.com, Inc."
https://www.25370.ch,18.166.225.50,443,https,,25370.ch,CN,Hong Kong,https://www.25370.ch,"Amazon.com, Inc."
www.36237.ch,18.166.225.50,80,http,,36237.ch,CN,Hong Kong,http://www.36237.ch,"Amazon.com, Inc."
https://19351.ch,18.166.225.50,443,https,,19351.ch,CN,Hong Kong,https://19351.ch,"Amazon.com, Inc."
https://36237.ch,16.162.24.239,443,https,,36237.ch,CN,Hong Kong,https://36237.ch,"Amazon.com, Inc."
https://37596.vip,16.162.24.239,443,https,,37596.vip,CN,Hong Kong,https://37596.vip,"Amazon.com, Inc."
37596.vip,16.162.24.239,80,http,,37596.vip,CN,Hong Kong,http://37596.vip,"Amazon.com, Inc."
https://43.198.108.249:1457,43.198.108.249,1457,https,,,CN,Hong Kong,https://43.198.108.249:1457,"Amazon.com, Inc."
https://www.uiyov.vip,16.162.24.239,443,https,,uiyov.vip,CN,Hong Kong,https://www.uiyov.vip,"Amazon.com, Inc."
zh5static1.xvzld10.xyz,18.166.146.6,80,http,,xvzld10.xyz,CN,Hong Kong,http://zh5static1.xvzld10.xyz,"Amazon.com, Inc."
zh5static1.ajjtx06.xyz,18.166.146.6,80,http,,ajjtx06.xyz,CN,Hong Kong,http://zh5static1.ajjtx06.xyz,"Amazon.com, Inc."
https://www.uiyoa.vip,16.162.24.239,443,https,,uiyoa.vip,CN,Hong Kong,https://www.uiyoa.vip,"Amazon.com, Inc."
23695.exchange,18.166.225.50,80,http,,23695.exchange,CN,Hong Kong,http://23695.exchange,"Amazon.com, Inc."
https://zh5static1.tdmhw09.xyz,18.166.146.6,443,https,,tdmhw09.xyz,CN,Hong Kong,https://zh5static1.tdmhw09.xyz,"Amazon.com, Inc."
zh5static1.jwwkp07.xyz,18.166.146.6,80,http,,jwwkp07.xyz,CN,Hong Kong,http://zh5static1.jwwkp07.xyz,"Amazon.com, Inc."
www.uiyoc.vip,16.162.24.239,80,http,,uiyoc.vip,CN,Hong Kong,http://www.uiyoc.vip,"Amazon.com, Inc."
https://43.198.185.80:2223,43.198.185.80,2223,https,,,CN,Hong Kong,https://43.198.185.80:2223,"Amazon.com, Inc."
https://43.198.249.115:1450,43.198.249.115,1450,https,CrushFTP WebInterface,,CN,Hong Kong,https://43.198.249.115:1450,"Amazon.com, Inc."
29780.app,16.162.24.239,80,http,,29780.app,CN,Hong Kong,http://29780.app,"Amazon.com, Inc."
16.162.113.42,16.162.113.42,80,http,302 Found,,CN,Hong Kong,http://16.162.113.42,"Amazon.com, Inc."
18.163.231.50,18.163.231.50,80,http,,,CN,Hong Kong,http://18.163.231.50,"Amazon.com, Inc."
18.163.244.153:443,18.163.244.153,443,http,,,CN,Hong Kong,http://18.163.244.153:443,"Amazon.com, Inc."
18.167.183.80,18.167.183.80,80,http,,,CN,Hong Kong,http://18.167.183.80,"Amazon.com, Inc."
https://29780.app,16.162.24.239,443,https,,29780.app,CN,Hong Kong,https://29780.app,"Amazon.com, Inc."
16.163.96.17,16.163.96.17,80,http,,,CN,Hong Kong,http://16.163.96.17,"Amazon.com, Inc."
16.163.160.31,16.163.160.31,80,http,,,CN,Hong Kong,http://16.163.160.31,"Amazon.com, Inc."
https://16.162.189.54,16.162.189.54,443,https,403 Forbidden,,CN,Hong Kong,https://16.162.189.54,"Amazon.com, Inc."
https://18.167.62.181,18.167.62.181,443,https,,,CN,Hong Kong,https://18.167.62.181,"Amazon.com, Inc."
https://18.167.100.169:8443,18.167.100.169,8443,https,403 Forbidden,,CN,Hong Kong,https://18.167.100.169:8443,"Amazon.com, Inc."
18.167.62.181,18.167.62.181,80,http,,,CN,Hong Kong,http://18.167.62.181,"Amazon.com, Inc."
https://43.198.186.163:1302,43.198.186.163,1302,https,HTTP Status 404 – Not Found,,CN,Hong Kong,https://43.198.186.163:1302,"Amazon.com, Inc."
18.163.198.43:8334,18.163.198.43,8334,http,SSL VPN Service,,CN,Hong Kong,http://18.163.198.43:8334,"Amazon.com, Inc."
www.mxpzy.vip,16.162.24.239,80,http,,mxpzy.vip,CN,Hong Kong,http://www.mxpzy.vip,"Amazon.com, Inc."
ptwsy.vip,16.162.24.239,80,http,,ptwsy.vip,CN,Hong Kong,http://ptwsy.vip,"Amazon.com, Inc."
www.bxrta.vip,16.162.24.239,80,http,,bxrta.vip,CN,Hong Kong,http://www.bxrta.vip,"Amazon.com, Inc."
ykzrm.vip,16.162.24.239,80,http,,ykzrm.vip,CN,Hong Kong,http://ykzrm.vip,"Amazon.com, Inc."
fwdty.vip,16.162.24.239,80,http,,fwdty.vip,CN,Hong Kong,http://fwdty.vip,"Amazon.com, Inc."
www.dbtsf.vip,16.162.24.239,80,http,,dbtsf.vip,CN,Hong Kong,http://www.dbtsf.vip,"Amazon.com, Inc."
https://www.dbtsf.vip,16.162.24.239,443,https,,dbtsf.vip,CN,Hong Kong,https://www.dbtsf.vip,"Amazon.com, Inc."
www.tadrs.vip,16.162.24.239,80,http,,tadrs.vip,CN,Hong Kong,http://www.tadrs.vip,"Amazon.com, Inc."
https://www.hwrqc.vip,18.166.225.50,443,https,,hwrqc.vip,CN,Hong Kong,https://www.hwrqc.vip,"Amazon.com, Inc."
dbtsf.vip,16.162.24.239,80,http,,dbtsf.vip,CN,Hong Kong,http://dbtsf.vip,"Amazon.com, Inc."
https://tadrs.vip,16.162.24.239,443,https,,tadrs.vip,CN,Hong Kong,https://tadrs.vip,"Amazon.com, Inc."
www.hwrqc.vip,16.162.24.239,80,http,,hwrqc.vip,CN,Hong Kong,http://www.hwrqc.vip,"Amazon.com, Inc."
fxnrd.vip,16.162.24.239,80,http,,fxnrd.vip,CN,Hong Kong,http://fxnrd.vip,"Amazon.com, Inc."
https://ykzrm.vip,16.162.24.239,443,https,,ykzrm.vip,CN,Hong Kong,https://ykzrm.vip,"Amazon.com, Inc."
https://www.cqarf.vip,16.162.24.239,443,https,,cqarf.vip,CN,Hong Kong,https://www.cqarf.vip,"Amazon.com, Inc."
https://www.ptwsy.vip,18.166.225.50,443,https,,ptwsy.vip,CN,Hong Kong,https://www.ptwsy.vip,"Amazon.com, Inc."
https://www.ykzrm.vip,16.162.24.239,443,https,,ykzrm.vip,CN,Hong Kong,https://www.ykzrm.vip,"Amazon.com, Inc."
www.ykzrm.vip,18.166.225.50,80,http,,ykzrm.vip,CN,Hong Kong,http://www.ykzrm.vip,"Amazon.com, Inc."
https://www.fwdty.vip,18.166.225.50,443,https,,fwdty.vip,CN,Hong Kong,https://www.fwdty.vip,"Amazon.com, Inc."
https://mxpzy.vip,18.166.225.50,443,https,,mxpzy.vip,CN,Hong Kong,https://mxpzy.vip,"Amazon.com, Inc."
43.198.108.249:2082,43.198.108.249,2082,http,Download Master,,CN,Hong Kong,http://43.198.108.249:2082,"Amazon.com, Inc."
https://18.162.200.23:21,18.162.200.23,21,https,CrushFTP WebInterface,,CN,Hong Kong,https://18.162.200.23:21,AMAZON-02
