ip,port,protocol,title,domain,host,country,city,org,source_file,reason
167.126.31.134,3000,http,Suspected phishing site | Cloudflare,,167.126.31.134:3000,US,Belmont,Oracle Corporation,2026-03-15-oracle-us-batch-01.csv,noise_title
144.33.29.56,3000,http,Suspected phishing site | Cloudflare,,144.33.29.56:3000,US,Belmont,Oracle Corporation,2026-03-15-oracle-us-batch-01.csv,noise_title
138.2.224.183,80,http,Just a moment...,,138.2.224.183,US,San Jose,Oracle Corporation,2026-03-15-oracle-us-batch-01.csv,noise_title
50.6.252.151,80,http,Just a moment...,renovenj.com,renovenj.com,US,San Francisco,Oracle Corporation,2026-03-15-oracle-us-batch-01.csv,noise_title
162.241.225.84,80,http,Just a moment...,urbanrootsphotography.com,www.urbanrootsphotography.com,US,Provo,Oracle Corporation,2026-03-15-oracle-us-batch-01.csv,noise_title
168.107.62.234,443,https,DNS points to prohibited IP | iopq.us.to | Cloudflare,us.to,https://iopq.us.to,US,Belmont,Oracle Corporation,2026-03-15-oracle-us-batch-01.csv,noise_title
50.6.35.200,80,http,Just a moment...,dudu-vape.online,www.dudu-vape.online,US,Jacksonville,Oracle Corporation,2026-03-15-oracle-us-batch-01.csv,noise_title
164.152.28.181,2053,https,DNS points to prohibited IP | world-maps.info | Cloudflare,world-maps.info,https://world-maps.info:2053,US,Chicago,Oracle Corporation,2026-03-15-oracle-us-batch-01.csv,noise_title
164.152.28.181,8443,https,DNS points to prohibited IP | healthfitnessdelaware.info | Cloudflare,healthfitnessdelaware.info,https://healthfitnessdelaware.info:8443,US,Chicago,Oracle Corporation,2026-03-15-oracle-us-batch-01.csv,noise_title
50.6.154.47,80,http,Just a moment...,mauricerubino.com,mauricerubino.com,US,Jacksonville,Oracle Corporation,2026-03-15-oracle-us-batch-01.csv,noise_title
69.6.213.238,443,https,Just a moment...,pilicas.com,https://www.pilicas.com,US,Jacksonville,Oracle Corporation,2026-03-15-oracle-us-batch-01.csv,noise_title
50.6.253.174,80,http,Just a moment...,narrative92.com,www.narrative92.com,US,San Francisco,Oracle Corporation,2026-03-15-oracle-us-batch-01.csv,noise_title
162.241.24.32,80,http,Just a moment...,bae00.com,bae00.com,US,Provo,Oracle Corporation,2026-03-15-oracle-us-batch-01.csv,noise_title
162.241.24.32,80,http,Just a moment...,bae00.com,www.bae00.com,US,Provo,Oracle Corporation,2026-03-15-oracle-us-batch-01.csv,noise_title
69.6.249.119,443,https,Just a moment...,revigorabrasil.com,https://www.revigorabrasil.com,US,Jacksonville,Oracle Corporation,2026-03-15-oracle-us-batch-01.csv,noise_title
168.107.46.112,443,https,DNS points to prohibited IP | or2.666123456.xyz | Cloudflare,666123456.xyz,https://or2.666123456.xyz,US,Belmont,Oracle Corporation,2026-03-15-oracle-us-batch-01.csv,noise_title
69.6.249.240,80,http,Just a moment...,chicaurakids.com,chicaurakids.com,US,Jacksonville,Oracle Corporation,2026-03-15-oracle-us-batch-01.csv,noise_title
162.241.225.42,80,http,Just a moment...,baabda.info,baabda.info,US,Provo,Oracle Corporation,2026-03-15-oracle-us-batch-01.csv,noise_title
69.6.196.133,80,http,Just a moment...,dracoplatinacaelum.com,www.dracoplatinacaelum.com,US,Jacksonville,Oracle Corporation,2026-03-15-oracle-us-batch-01.csv,noise_title
69.6.196.133,80,http,Just a moment...,dracoplatinacaelum.com,dracoplatinacaelum.com,US,Jacksonville,Oracle Corporation,2026-03-15-oracle-us-batch-01.csv,noise_title
69.6.213.245,80,http,Project not found,lorddaerecao.shop,lorddaerecao.shop,US,Jacksonville,Oracle Corporation,2026-03-15-oracle-us-batch-01.csv,noise_domain_shell
69.6.212.151,443,https,Just a moment...,bellele.com.br,https://bellele.com.br,US,Jacksonville,Oracle Corporation,2026-03-15-oracle-us-batch-01.csv,noise_title
69.6.249.187,80,http,Just a moment...,urbangroom.com.br,urbangroom.com.br,US,Jacksonville,Oracle Corporation,2026-03-15-oracle-us-batch-01.csv,noise_title
69.6.249.192,80,http,Just a moment...,universalshoop.com.br,universalshoop.com.br,US,Jacksonville,Oracle Corporation,2026-03-15-oracle-us-batch-01.csv,noise_title
69.6.249.187,443,https,Just a moment...,urbangroom.com.br,https://urbangroom.com.br,US,Jacksonville,Oracle Corporation,2026-03-15-oracle-us-batch-01.csv,noise_title
50.6.253.179,80,http,Just a moment...,whitestonedesignservices.com,www.whitestonedesignservices.com,US,San Francisco,Oracle Corporation,2026-03-15-oracle-us-batch-01.csv,noise_title
50.6.253.179,80,http,Just a moment...,whitestonedesignservices.com,whitestonedesignservices.com,US,San Francisco,Oracle Corporation,2026-03-15-oracle-us-batch-01.csv,noise_title
69.6.213.245,80,http,,lorddaerecao.shop,www.lorddaerecao.shop,US,Jacksonville,ORACLE-BMC-31898,2026-03-15-oracle-us-batch-01.csv,noise_domain_shell
69.6.212.153,80,http,Just a moment...,visionmasterbrasil.com,visionmasterbrasil.com,US,Jacksonville,ORACLE-BMC-31898,2026-03-15-oracle-us-batch-01.csv,noise_title
69.6.212.153,443,https,Just a moment...,visionmasterbrasil.com,https://visionmasterbrasil.com,US,Jacksonville,ORACLE-BMC-31898,2026-03-15-oracle-us-batch-01.csv,noise_title
162.241.218.169,80,http,Just a moment...,nkpharma.com,www.nkpharma.com,US,Provo,ORACLE-BMC-31898,2026-03-15-oracle-us-batch-01.csv,noise_title
162.241.218.169,80,http,Just a moment...,nkpharma.com,nkpharma.com,US,Provo,ORACLE-BMC-31898,2026-03-15-oracle-us-batch-01.csv,noise_title
69.6.213.219,443,https,Just a moment...,yvanastore.com,https://www.yvanastore.com,US,Jacksonville,ORACLE-BMC-31898,2026-03-15-oracle-us-batch-01.csv,noise_title
140.245.51.230,443,https,403 Forbidden,713664024.xyz,https://sg.713664024.xyz,US,Belmont,ORACLE-BMC-31898,2026-03-15-oracle-us-batch-01.csv,noise_domain_shell
50.6.108.156,80,http,Just a moment...,paypalslip.com,paypalslip.com,US,Jacksonville,ORACLE-BMC-31898,2026-03-15-oracle-us-batch-01.csv,noise_title
50.6.227.172,443,https,Attention Required! | Cloudflare,schwerte-udsp.de,https://wwe.schwerte-udsp.de,US,Jacksonville,ORACLE-BMC-31898,2026-03-15-oracle-us-batch-01.csv,noise_title
50.6.6.196,80,http,Just a moment...,aestheticbrandmarketing.com,aestheticbrandmarketing.com,US,Jacksonville,ORACLE-BMC-31898,2026-03-15-oracle-us-batch-01.csv,noise_title
192.18.136.86,9004,http,Attention Required! | Cloudflare,,192.18.136.86:9004,US,San Jose,ORACLE-BMC-31898,2026-03-15-oracle-us-batch-01.csv,noise_title
40.233.116.225,443,https,403 Forbidden,lamem.shop,https://pctl.lamem.shop,US,Belmont,ORACLE-BMC-31898,2026-03-15-oracle-us-batch-01.csv,noise_domain_shell
69.6.213.237,443,https,Just a moment...,aurabeautybrasil.com,https://aurabeautybrasil.com,US,Jacksonville,ORACLE-BMC-31898,2026-03-15-oracle-us-batch-01.csv,noise_title
69.6.213.237,443,https,Just a moment...,aurabeautybrasil.com,https://www.aurabeautybrasil.com,US,Jacksonville,ORACLE-BMC-31898,2026-03-15-oracle-us-batch-01.csv,noise_title
69.6.212.243,443,https,Just a moment...,lysionshop.com,https://lysionshop.com,US,Jacksonville,ORACLE-BMC-31898,2026-03-15-oracle-us-batch-01.csv,noise_title
69.6.212.243,80,http,Just a moment...,lysionshop.com,lysionshop.com,US,Jacksonville,ORACLE-BMC-31898,2026-03-15-oracle-us-batch-01.csv,noise_title
13.35.218.136,443,https,403 Forbidden,d250qlh00f3d5m.cloudfront.net,https://d250qlh00f3d5m.cloudfront.net,CN,Hong Kong,"Amazon.com, Inc.",2026-03-15-aws-hk-noise-batch-01.csv,cdn_domain
16.162.24.239,443,https,,23695.exchange,https://www.23695.exchange,CN,Hong Kong,"Amazon.com, Inc.",2026-03-15-aws-hk-noise-batch-01.csv,noise_domain_shell
18.166.225.50,80,http,,365yl.cc,365yl.cc,CN,Hong Kong,"Amazon.com, Inc.",2026-03-15-aws-hk-noise-batch-01.csv,noise_domain_shell
18.166.225.50,80,http,,qwohb.vip,qwohb.vip,CN,Hong Kong,"Amazon.com, Inc.",2026-03-15-aws-hk-noise-batch-01.csv,noise_domain_shell
16.162.24.239,80,http,,bxrta.vip,bxrta.vip,CN,Hong Kong,"Amazon.com, Inc.",2026-03-15-aws-hk-noise-batch-01.csv,noise_domain_shell
16.162.24.239,80,http,,223678.cc,www.223678.cc,CN,Hong Kong,"Amazon.com, Inc.",2026-03-15-aws-hk-noise-batch-01.csv,noise_domain_shell
16.162.24.239,443,https,,223678.cc,https://www.223678.cc,CN,Hong Kong,"Amazon.com, Inc.",2026-03-15-aws-hk-noise-batch-01.csv,noise_domain_shell
18.166.225.50,80,http,,povsd.vip,povsd.vip,CN,Hong Kong,"Amazon.com, Inc.",2026-03-15-aws-hk-noise-batch-01.csv,noise_domain_shell
16.162.24.239,443,https,,awfrv.vip,https://awfrv.vip,CN,Hong Kong,"Amazon.com, Inc.",2026-03-15-aws-hk-noise-batch-01.csv,noise_domain_shell
18.166.225.50,80,http,,uippk.vip,uippk.vip,CN,Hong Kong,"Amazon.com, Inc.",2026-03-15-aws-hk-noise-batch-01.csv,noise_domain_shell
16.162.24.239,443,https,,uippk.vip,https://uippk.vip,CN,Hong Kong,"Amazon.com, Inc.",2026-03-15-aws-hk-noise-batch-01.csv,noise_domain_shell
18.166.225.50,80,http,,35789.villas,35789.villas,CN,Hong Kong,"Amazon.com, Inc.",2026-03-15-aws-hk-noise-batch-01.csv,noise_domain_shell
18.166.225.50,443,https,,ruxsy.vip,https://www.ruxsy.vip,CN,Hong Kong,"Amazon.com, Inc.",2026-03-15-aws-hk-noise-batch-01.csv,noise_domain_shell
18.166.225.50,443,https,,hwrqc.vip,https://hwrqc.vip,CN,Hong Kong,"Amazon.com, Inc.",2026-03-15-aws-hk-noise-batch-01.csv,noise_domain_shell
16.162.24.239,80,http,,trpam.vip,trpam.vip,CN,Hong Kong,"Amazon.com, Inc.",2026-03-15-aws-hk-noise-batch-01.csv,noise_domain_shell
18.166.225.50,443,https,,uiyob.vip,https://uiyob.vip,CN,Hong Kong,"Amazon.com, Inc.",2026-03-15-aws-hk-noise-batch-01.csv,noise_domain_shell
18.166.225.50,80,http,,xeglp.cn,xeglp.cn,CN,Hong Kong,"Amazon.com, Inc.",2026-03-15-aws-hk-noise-batch-01.csv,noise_domain_shell
18.166.225.50,80,http,,povsd.vip,www.povsd.vip,CN,Hong Kong,"Amazon.com, Inc.",2026-03-15-aws-hk-noise-batch-01.csv,noise_domain_shell
16.162.24.239,80,http,,rjanu.vip,www.rjanu.vip,CN,Hong Kong,"Amazon.com, Inc.",2026-03-15-aws-hk-noise-batch-01.csv,noise_domain_shell
18.166.225.50,80,http,,hrckl.cn,www.hrckl.cn,CN,Hong Kong,"Amazon.com, Inc.",2026-03-15-aws-hk-noise-batch-01.csv,noise_domain_shell
16.162.24.239,80,http,,rupta.cn,www.rupta.cn,CN,Hong Kong,"Amazon.com, Inc.",2026-03-15-aws-hk-noise-batch-01.csv,noise_domain_shell
18.166.225.50,80,http,,cyhuk.cn,cyhuk.cn,CN,Hong Kong,"Amazon.com, Inc.",2026-03-15-aws-hk-noise-batch-01.csv,noise_domain_shell
16.162.24.239,80,http,,rupta.cn,rupta.cn,CN,Hong Kong,"Amazon.com, Inc.",2026-03-15-aws-hk-noise-batch-01.csv,noise_domain_shell
16.162.24.239,443,https,,cimyf.cn,https://www.cimyf.cn,CN,Hong Kong,"Amazon.com, Inc.",2026-03-15-aws-hk-noise-batch-01.csv,noise_domain_shell
16.162.24.239,443,https,,rjanu.vip,https://www.rjanu.vip,CN,Hong Kong,"Amazon.com, Inc.",2026-03-15-aws-hk-noise-batch-01.csv,noise_domain_shell
16.162.24.239,443,https,,hrckl.cn,https://www.hrckl.cn,CN,Hong Kong,"Amazon.com, Inc.",2026-03-15-aws-hk-noise-batch-01.csv,noise_domain_shell
18.166.225.50,443,https,,cyhuk.cn,https://www.cyhuk.cn,CN,Hong Kong,"Amazon.com, Inc.",2026-03-15-aws-hk-noise-batch-01.csv,noise_domain_shell
18.166.225.50,80,http,,gyuxd.cn,www.gyuxd.cn,CN,Hong Kong,"Amazon.com, Inc.",2026-03-15-aws-hk-noise-batch-01.csv,noise_domain_shell
16.162.24.239,443,https,,wqfce.vip,https://wqfce.vip,CN,Hong Kong,"Amazon.com, Inc.",2026-03-15-aws-hk-noise-batch-01.csv,noise_domain_shell
18.166.225.50,80,http,,mklcf.cn,mklcf.cn,CN,Hong Kong,"Amazon.com, Inc.",2026-03-15-aws-hk-noise-batch-01.csv,noise_domain_shell
18.166.225.50,443,https,,xeglp.cn,https://www.xeglp.cn,CN,Hong Kong,"Amazon.com, Inc.",2026-03-15-aws-hk-noise-batch-01.csv,noise_domain_shell
18.166.225.50,443,https,,wqfce.vip,https://www.wqfce.vip,CN,Hong Kong,"Amazon.com, Inc.",2026-03-15-aws-hk-noise-batch-01.csv,noise_domain_shell
18.166.225.50,443,https,,dorlh.cn,https://dorlh.cn,CN,Hong Kong,"Amazon.com, Inc.",2026-03-15-aws-hk-noise-batch-01.csv,noise_domain_shell
18.166.225.50,80,http,,kzqra.vip,www.kzqra.vip,CN,Hong Kong,"Amazon.com, Inc.",2026-03-15-aws-hk-noise-batch-01.csv,noise_domain_shell
16.162.24.239,80,http,,cimyf.cn,www.cimyf.cn,CN,Hong Kong,"Amazon.com, Inc.",2026-03-15-aws-hk-noise-batch-01.csv,noise_domain_shell
18.166.225.50,80,http,,kzqra.vip,kzqra.vip,CN,Hong Kong,"Amazon.com, Inc.",2026-03-15-aws-hk-noise-batch-01.csv,noise_domain_shell
18.166.225.50,443,https,,kzqra.vip,https://kzqra.vip,CN,Hong Kong,"Amazon.com, Inc.",2026-03-15-aws-hk-noise-batch-01.csv,noise_domain_shell
43.198.146.98,443,https,,18jmttline01.xyz,https://www.18jmttline01.xyz,CN,Hong Kong,"Amazon.com, Inc.",2026-03-15-aws-hk-noise-batch-01.csv,noise_domain_shell
43.198.157.202,443,https,,18jmttline01.xyz,https://18jmttline01.xyz,CN,Hong Kong,"Amazon.com, Inc.",2026-03-15-aws-hk-noise-batch-01.csv,noise_domain_shell
43.198.157.202,80,http,,18jmttline01.xyz,18jmttline01.xyz,CN,Hong Kong,"Amazon.com, Inc.",2026-03-15-aws-hk-noise-batch-01.csv,noise_domain_shell
43.198.146.98,80,http,,18jmttline01.xyz,www.18jmttline01.xyz,CN,Hong Kong,"Amazon.com, Inc.",2026-03-15-aws-hk-noise-batch-01.csv,noise_domain_shell
18.166.225.50,443,https,,ctnby.vip,https://ctnby.vip,CN,Hong Kong,"Amazon.com, Inc.",2026-03-15-aws-hk-noise-batch-01.csv,noise_domain_shell
18.166.225.50,80,http,,34237.shop,34237.shop,CN,Hong Kong,"Amazon.com, Inc.",2026-03-15-aws-hk-noise-batch-01.csv,noise_domain_shell
16.162.24.239,443,https,,pying.app,https://pying.app,CN,Hong Kong,"Amazon.com, Inc.",2026-03-15-aws-hk-noise-batch-01.csv,noise_domain_shell
16.162.24.239,443,https,,34237.shop,https://34237.shop,CN,Hong Kong,"Amazon.com, Inc.",2026-03-15-aws-hk-noise-batch-01.csv,noise_domain_shell
18.166.225.50,80,http,,47189.villas,47189.villas,CN,Hong Kong,"Amazon.com, Inc.",2026-03-15-aws-hk-noise-batch-01.csv,noise_domain_shell
18.166.225.50,443,https,,jybtg.app,https://jybtg.app,CN,Hong Kong,"Amazon.com, Inc.",2026-03-15-aws-hk-noise-batch-01.csv,noise_domain_shell
18.166.225.50,443,https,,gfvhj.app,https://gfvhj.app,CN,Hong Kong,"Amazon.com, Inc.",2026-03-15-aws-hk-noise-batch-01.csv,noise_domain_shell
16.162.24.239,443,https,,phgrv.app,https://phgrv.app,CN,Hong Kong,"Amazon.com, Inc.",2026-03-15-aws-hk-noise-batch-01.csv,noise_domain_shell
18.166.225.50,80,http,,jybtg.app,jybtg.app,CN,Hong Kong,"Amazon.com, Inc.",2026-03-15-aws-hk-noise-batch-01.csv,noise_domain_shell
18.166.225.50,80,http,,byvfx.app,byvfx.app,CN,Hong Kong,"Amazon.com, Inc.",2026-03-15-aws-hk-noise-batch-01.csv,noise_domain_shell
18.166.225.50,443,https,,byvfx.app,https://byvfx.app,CN,Hong Kong,"Amazon.com, Inc.",2026-03-15-aws-hk-noise-batch-01.csv,noise_domain_shell
16.162.24.239,80,http,,21318.shop,21318.shop,CN,Hong Kong,"Amazon.com, Inc.",2026-03-15-aws-hk-noise-batch-01.csv,noise_domain_shell
16.162.24.239,443,https,,21318.shop,https://21318.shop,CN,Hong Kong,"Amazon.com, Inc.",2026-03-15-aws-hk-noise-batch-01.csv,noise_domain_shell
18.166.225.50,443,https,,poiyv.vip,https://poiyv.vip,CN,Hong Kong,"Amazon.com, Inc.",2026-03-15-aws-hk-noise-batch-01.csv,noise_domain_shell
16.162.24.239,80,http,,poiyv.vip,poiyv.vip,CN,Hong Kong,"Amazon.com, Inc.",2026-03-15-aws-hk-noise-batch-01.csv,noise_domain_shell
18.166.225.50,80,http,,ltbih.vip,ltbih.vip,CN,Hong Kong,"Amazon.com, Inc.",2026-03-15-aws-hk-noise-batch-01.csv,noise_domain_shell
18.166.225.50,443,https,,ltbih.vip,https://ltbih.vip,CN,Hong Kong,"Amazon.com, Inc.",2026-03-15-aws-hk-noise-batch-01.csv,noise_domain_shell
18.166.225.50,80,http,,58679.immo,58679.immo,CN,Hong Kong,"Amazon.com, Inc.",2026-03-15-aws-hk-noise-batch-01.csv,noise_domain_shell
16.162.24.239,80,http,,97583.immo,97583.immo,CN,Hong Kong,"Amazon.com, Inc.",2026-03-15-aws-hk-noise-batch-01.csv,noise_domain_shell
18.166.225.50,443,https,,97583.immo,https://97583.immo,CN,Hong Kong,"Amazon.com, Inc.",2026-03-15-aws-hk-noise-batch-01.csv,noise_domain_shell
18.166.225.50,80,http,,jybtg.app,www.jybtg.app,CN,Hong Kong,"Amazon.com, Inc.",2026-03-15-aws-hk-noise-batch-01.csv,noise_domain_shell
18.166.225.50,443,https,,jybtg.app,https://www.jybtg.app,CN,Hong Kong,"Amazon.com, Inc.",2026-03-15-aws-hk-noise-batch-01.csv,noise_domain_shell
18.166.225.50,80,http,,phgrv.app,www.phgrv.app,CN,Hong Kong,"Amazon.com, Inc.",2026-03-15-aws-hk-noise-batch-01.csv,noise_domain_shell
18.166.225.50,443,https,,fgvxs.vip,https://www.fgvxs.vip,CN,Hong Kong,"Amazon.com, Inc.",2026-03-15-aws-hk-noise-batch-01.csv,noise_domain_shell
18.166.225.50,80,http,,ctnby.vip,www.ctnby.vip,CN,Hong Kong,"Amazon.com, Inc.",2026-03-15-aws-hk-noise-batch-01.csv,noise_domain_shell
18.166.225.50,443,https,,poiyv.vip,https://www.poiyv.vip,CN,Hong Kong,"Amazon.com, Inc.",2026-03-15-aws-hk-noise-batch-01.csv,noise_domain_shell
18.166.225.50,443,https,,ctnby.vip,https://www.ctnby.vip,CN,Hong Kong,"Amazon.com, Inc.",2026-03-15-aws-hk-noise-batch-01.csv,noise_domain_shell
16.162.24.239,80,http,,ltbih.vip,www.ltbih.vip,CN,Hong Kong,"Amazon.com, Inc.",2026-03-15-aws-hk-noise-batch-01.csv,noise_domain_shell
18.166.225.50,80,http,,byvfx.app,www.byvfx.app,CN,Hong Kong,"Amazon.com, Inc.",2026-03-15-aws-hk-noise-batch-01.csv,noise_domain_shell
16.162.24.239,443,https,,pying.app,https://www.pying.app,CN,Hong Kong,"Amazon.com, Inc.",2026-03-15-aws-hk-noise-batch-01.csv,noise_domain_shell
16.162.24.239,443,https,,phgrv.app,https://www.phgrv.app,CN,Hong Kong,"Amazon.com, Inc.",2026-03-15-aws-hk-noise-batch-01.csv,noise_domain_shell
18.166.225.50,443,https,,ltbih.vip,https://www.ltbih.vip,CN,Hong Kong,"Amazon.com, Inc.",2026-03-15-aws-hk-noise-batch-01.csv,noise_domain_shell
16.162.24.239,80,http,,poiyv.vip,www.poiyv.vip,CN,Hong Kong,"Amazon.com, Inc.",2026-03-15-aws-hk-noise-batch-01.csv,noise_domain_shell
18.166.225.50,443,https,,73968.immo,https://73968.immo,CN,Hong Kong,"Amazon.com, Inc.",2026-03-15-aws-hk-noise-batch-01.csv,noise_domain_shell
18.166.225.50,80,http,,73968.immo,73968.immo,CN,Hong Kong,"Amazon.com, Inc.",2026-03-15-aws-hk-noise-batch-01.csv,noise_domain_shell
18.166.225.50,80,http,,35137.shop,35137.shop,CN,Hong Kong,"Amazon.com, Inc.",2026-03-15-aws-hk-noise-batch-01.csv,noise_domain_shell
16.162.24.239,443,https,,35137.shop,https://35137.shop,CN,Hong Kong,"Amazon.com, Inc.",2026-03-15-aws-hk-noise-batch-01.csv,noise_domain_shell
16.162.24.239,80,http,,uiyov.vip,uiyov.vip,CN,Hong Kong,"Amazon.com, Inc.",2026-03-15-aws-hk-noise-batch-01.csv,noise_domain_shell
18.166.225.50,443,https,,uiyov.vip,https://uiyov.vip,CN,Hong Kong,"Amazon.com, Inc.",2026-03-15-aws-hk-noise-batch-01.csv,noise_domain_shell
18.166.225.50,443,https,,uiyoa.vip,https://uiyoa.vip,CN,Hong Kong,"Amazon.com, Inc.",2026-03-15-aws-hk-noise-batch-01.csv,noise_domain_shell
16.162.24.239,443,https,,97083.app,https://97083.app,CN,Hong Kong,"Amazon.com, Inc.",2026-03-15-aws-hk-noise-batch-01.csv,noise_domain_shell
18.166.225.50,80,http,,70139.app,70139.app,CN,Hong Kong,"Amazon.com, Inc.",2026-03-15-aws-hk-noise-batch-01.csv,noise_domain_shell
18.166.225.50,443,https,,70139.app,https://70139.app,CN,Hong Kong,"Amazon.com, Inc.",2026-03-15-aws-hk-noise-batch-01.csv,noise_domain_shell
16.162.24.239,443,https,,59108.app,https://59108.app,CN,Hong Kong,"Amazon.com, Inc.",2026-03-15-aws-hk-noise-batch-01.csv,noise_domain_shell
18.166.225.50,443,https,,myzvp.vip,https://myzvp.vip,CN,Hong Kong,"Amazon.com, Inc.",2026-03-15-aws-hk-noise-batch-01.csv,noise_domain_shell
16.162.24.239,443,https,,63895.vip,https://63895.vip,CN,Hong Kong,"Amazon.com, Inc.",2026-03-15-aws-hk-noise-batch-01.csv,noise_domain_shell
18.166.225.50,80,http,,myzvp.vip,myzvp.vip,CN,Hong Kong,"Amazon.com, Inc.",2026-03-15-aws-hk-noise-batch-01.csv,noise_domain_shell
18.166.225.50,80,http,,29376.vip,29376.vip,CN,Hong Kong,"Amazon.com, Inc.",2026-03-15-aws-hk-noise-batch-01.csv,noise_domain_shell
16.162.24.239,443,https,,xhcbn.vip,https://xhcbn.vip,CN,Hong Kong,"Amazon.com, Inc.",2026-03-15-aws-hk-noise-batch-01.csv,noise_domain_shell
16.162.24.239,443,https,,psrwa.vip,https://psrwa.vip,CN,Hong Kong,"Amazon.com, Inc.",2026-03-15-aws-hk-noise-batch-01.csv,noise_domain_shell
43.198.213.130,80,http,,18jmtt29.xyz,18jmtt29.xyz,CN,Hong Kong,"Amazon.com, Inc.",2026-03-15-aws-hk-noise-batch-01.csv,noise_domain_shell
18.166.225.50,443,https,,73865.cc,https://73865.cc,CN,Hong Kong,"Amazon.com, Inc.",2026-03-15-aws-hk-noise-batch-01.csv,noise_domain_shell
18.166.225.50,80,http,,kmpqz.vip,kmpqz.vip,CN,Hong Kong,"Amazon.com, Inc.",2026-03-15-aws-hk-noise-batch-01.csv,noise_domain_shell
18.166.225.50,443,https,,kmpqz.vip,https://kmpqz.vip,CN,Hong Kong,"Amazon.com, Inc.",2026-03-15-aws-hk-noise-batch-01.csv,noise_domain_shell
18.166.225.50,80,http,,78395.vip,78395.vip,CN,Hong Kong,"Amazon.com, Inc.",2026-03-15-aws-hk-noise-batch-01.csv,noise_domain_shell
16.162.24.239,80,http,,63287.vip,63287.vip,CN,Hong Kong,"Amazon.com, Inc.",2026-03-15-aws-hk-noise-batch-01.csv,noise_domain_shell
16.162.24.239,80,http,,76395.vip,76395.vip,CN,Hong Kong,"Amazon.com, Inc.",2026-03-15-aws-hk-noise-batch-01.csv,noise_domain_shell
18.166.225.50,443,https,,63287.vip,https://63287.vip,CN,Hong Kong,"Amazon.com, Inc.",2026-03-15-aws-hk-noise-batch-01.csv,noise_domain_shell
16.162.24.239,443,https,,qarfv.vip,https://qarfv.vip,CN,Hong Kong,"Amazon.com, Inc.",2026-03-15-aws-hk-noise-batch-01.csv,noise_domain_shell
18.166.225.50,80,http,,73695.vip,73695.vip,CN,Hong Kong,"Amazon.com, Inc.",2026-03-15-aws-hk-noise-batch-01.csv,noise_domain_shell
18.166.225.50,443,https,,72359.vip,https://72359.vip,CN,Hong Kong,"Amazon.com, Inc.",2026-03-15-aws-hk-noise-batch-01.csv,noise_domain_shell
18.166.225.50,80,http,,37296.vip,37296.vip,CN,Hong Kong,"Amazon.com, Inc.",2026-03-15-aws-hk-noise-batch-01.csv,noise_domain_shell
16.162.24.239,443,https,,37296.vip,https://37296.vip,CN,Hong Kong,"Amazon.com, Inc.",2026-03-15-aws-hk-noise-batch-01.csv,noise_domain_shell
16.162.24.239,80,http,,34237.shop,www.34237.shop,CN,Hong Kong,"Amazon.com, Inc.",2026-03-15-aws-hk-noise-batch-01.csv,noise_domain_shell
18.166.225.50,443,https,,21318.shop,https://www.21318.shop,CN,Hong Kong,"Amazon.com, Inc.",2026-03-15-aws-hk-noise-batch-01.csv,noise_domain_shell
16.162.24.239,80,http,,21318.shop,www.21318.shop,CN,Hong Kong,"Amazon.com, Inc.",2026-03-15-aws-hk-noise-batch-01.csv,noise_domain_shell
16.162.24.239,443,https,,21398.shop,https://www.21398.shop,CN,Hong Kong,"Amazon.com, Inc.",2026-03-15-aws-hk-noise-batch-01.csv,noise_domain_shell
18.166.225.50,443,https,,83796.cc,https://83796.cc,CN,Hong Kong,"Amazon.com, Inc.",2026-03-15-aws-hk-noise-batch-01.csv,noise_domain_shell
18.166.225.50,80,http,,yisax.vip,www.yisax.vip,CN,Hong Kong,"Amazon.com, Inc.",2026-03-15-aws-hk-noise-batch-01.csv,noise_domain_shell
18.166.225.50,443,https,,yisax.vip,https://yisax.vip,CN,Hong Kong,"Amazon.com, Inc.",2026-03-15-aws-hk-noise-batch-01.csv,noise_domain_shell
16.162.24.239,80,http,,awfrv.vip,www.awfrv.vip,CN,Hong Kong,"Amazon.com, Inc.",2026-03-15-aws-hk-noise-batch-01.csv,noise_domain_shell
16.162.24.239,443,https,,nutbv.vip,https://www.nutbv.vip,CN,Hong Kong,"Amazon.com, Inc.",2026-03-15-aws-hk-noise-batch-01.csv,noise_domain_shell
18.166.225.50,80,http,,benom.vip,www.benom.vip,CN,Hong Kong,"Amazon.com, Inc.",2026-03-15-aws-hk-noise-batch-01.csv,noise_domain_shell
18.166.225.50,443,https,,awfrv.vip,https://www.awfrv.vip,CN,Hong Kong,"Amazon.com, Inc.",2026-03-15-aws-hk-noise-batch-01.csv,noise_domain_shell
18.166.225.50,80,http,,huqwg.vip,www.huqwg.vip,CN,Hong Kong,"Amazon.com, Inc.",2026-03-15-aws-hk-noise-batch-01.csv,noise_domain_shell
16.162.24.239,443,https,,huqwg.vip,https://www.huqwg.vip,CN,Hong Kong,"Amazon.com, Inc.",2026-03-15-aws-hk-noise-batch-01.csv,noise_domain_shell
16.162.24.239,443,https,,37596.vip,https://37596.vip,CN,Hong Kong,"Amazon.com, Inc.",2026-03-15-aws-hk-noise-batch-01.csv,noise_domain_shell
16.162.24.239,80,http,,37596.vip,37596.vip,CN,Hong Kong,"Amazon.com, Inc.",2026-03-15-aws-hk-noise-batch-01.csv,noise_domain_shell
16.162.24.239,443,https,,uiyov.vip,https://www.uiyov.vip,CN,Hong Kong,"Amazon.com, Inc.",2026-03-15-aws-hk-noise-batch-01.csv,noise_domain_shell
18.166.146.6,80,http,,xvzld10.xyz,zh5static1.xvzld10.xyz,CN,Hong Kong,"Amazon.com, Inc.",2026-03-15-aws-hk-noise-batch-01.csv,noise_domain_shell
18.166.146.6,80,http,,ajjtx06.xyz,zh5static1.ajjtx06.xyz,CN,Hong Kong,"Amazon.com, Inc.",2026-03-15-aws-hk-noise-batch-01.csv,noise_domain_shell
16.162.24.239,443,https,,uiyoa.vip,https://www.uiyoa.vip,CN,Hong Kong,"Amazon.com, Inc.",2026-03-15-aws-hk-noise-batch-01.csv,noise_domain_shell
18.166.225.50,80,http,,23695.exchange,23695.exchange,CN,Hong Kong,"Amazon.com, Inc.",2026-03-15-aws-hk-noise-batch-01.csv,noise_domain_shell
18.166.146.6,443,https,,tdmhw09.xyz,https://zh5static1.tdmhw09.xyz,CN,Hong Kong,"Amazon.com, Inc.",2026-03-15-aws-hk-noise-batch-01.csv,noise_domain_shell
18.166.146.6,80,http,,jwwkp07.xyz,zh5static1.jwwkp07.xyz,CN,Hong Kong,"Amazon.com, Inc.",2026-03-15-aws-hk-noise-batch-01.csv,noise_domain_shell
16.162.24.239,80,http,,uiyoc.vip,www.uiyoc.vip,CN,Hong Kong,"Amazon.com, Inc.",2026-03-15-aws-hk-noise-batch-01.csv,noise_domain_shell
16.162.24.239,80,http,,29780.app,29780.app,CN,Hong Kong,"Amazon.com, Inc.",2026-03-15-aws-hk-noise-batch-01.csv,noise_domain_shell
16.162.24.239,443,https,,29780.app,https://29780.app,CN,Hong Kong,"Amazon.com, Inc.",2026-03-15-aws-hk-noise-batch-01.csv,noise_domain_shell
16.162.24.239,80,http,,mxpzy.vip,www.mxpzy.vip,CN,Hong Kong,"Amazon.com, Inc.",2026-03-15-aws-hk-noise-batch-01.csv,noise_domain_shell
16.162.24.239,80,http,,ptwsy.vip,ptwsy.vip,CN,Hong Kong,"Amazon.com, Inc.",2026-03-15-aws-hk-noise-batch-01.csv,noise_domain_shell
16.162.24.239,80,http,,bxrta.vip,www.bxrta.vip,CN,Hong Kong,"Amazon.com, Inc.",2026-03-15-aws-hk-noise-batch-01.csv,noise_domain_shell
16.162.24.239,80,http,,ykzrm.vip,ykzrm.vip,CN,Hong Kong,"Amazon.com, Inc.",2026-03-15-aws-hk-noise-batch-01.csv,noise_domain_shell
16.162.24.239,80,http,,fwdty.vip,fwdty.vip,CN,Hong Kong,"Amazon.com, Inc.",2026-03-15-aws-hk-noise-batch-01.csv,noise_domain_shell
16.162.24.239,80,http,,dbtsf.vip,www.dbtsf.vip,CN,Hong Kong,"Amazon.com, Inc.",2026-03-15-aws-hk-noise-batch-01.csv,noise_domain_shell
16.162.24.239,443,https,,dbtsf.vip,https://www.dbtsf.vip,CN,Hong Kong,"Amazon.com, Inc.",2026-03-15-aws-hk-noise-batch-01.csv,noise_domain_shell
16.162.24.239,80,http,,tadrs.vip,www.tadrs.vip,CN,Hong Kong,"Amazon.com, Inc.",2026-03-15-aws-hk-noise-batch-01.csv,noise_domain_shell
18.166.225.50,443,https,,hwrqc.vip,https://www.hwrqc.vip,CN,Hong Kong,"Amazon.com, Inc.",2026-03-15-aws-hk-noise-batch-01.csv,noise_domain_shell
16.162.24.239,80,http,,dbtsf.vip,dbtsf.vip,CN,Hong Kong,"Amazon.com, Inc.",2026-03-15-aws-hk-noise-batch-01.csv,noise_domain_shell
16.162.24.239,443,https,,tadrs.vip,https://tadrs.vip,CN,Hong Kong,"Amazon.com, Inc.",2026-03-15-aws-hk-noise-batch-01.csv,noise_domain_shell
16.162.24.239,80,http,,hwrqc.vip,www.hwrqc.vip,CN,Hong Kong,"Amazon.com, Inc.",2026-03-15-aws-hk-noise-batch-01.csv,noise_domain_shell
16.162.24.239,80,http,,fxnrd.vip,fxnrd.vip,CN,Hong Kong,"Amazon.com, Inc.",2026-03-15-aws-hk-noise-batch-01.csv,noise_domain_shell
16.162.24.239,443,https,,ykzrm.vip,https://ykzrm.vip,CN,Hong Kong,"Amazon.com, Inc.",2026-03-15-aws-hk-noise-batch-01.csv,noise_domain_shell
16.162.24.239,443,https,,cqarf.vip,https://www.cqarf.vip,CN,Hong Kong,"Amazon.com, Inc.",2026-03-15-aws-hk-noise-batch-01.csv,noise_domain_shell
18.166.225.50,443,https,,ptwsy.vip,https://www.ptwsy.vip,CN,Hong Kong,"Amazon.com, Inc.",2026-03-15-aws-hk-noise-batch-01.csv,noise_domain_shell
16.162.24.239,443,https,,ykzrm.vip,https://www.ykzrm.vip,CN,Hong Kong,"Amazon.com, Inc.",2026-03-15-aws-hk-noise-batch-01.csv,noise_domain_shell
18.166.225.50,80,http,,ykzrm.vip,www.ykzrm.vip,CN,Hong Kong,"Amazon.com, Inc.",2026-03-15-aws-hk-noise-batch-01.csv,noise_domain_shell
18.166.225.50,443,https,,fwdty.vip,https://www.fwdty.vip,CN,Hong Kong,"Amazon.com, Inc.",2026-03-15-aws-hk-noise-batch-01.csv,noise_domain_shell
18.166.225.50,443,https,,mxpzy.vip,https://mxpzy.vip,CN,Hong Kong,"Amazon.com, Inc.",2026-03-15-aws-hk-noise-batch-01.csv,noise_domain_shell
138.2.74.42,8888,https,,188661.xyz,https://s3.188661.xyz:8888,SG,Singapore,Oracle Corporation,2026-03-15-oracle-sg-batch-01.csv,noise_domain_shell
101.100.241.41,443,https,Just a moment...,dsas.org.sg,https://dsas.org.sg,SG,Singapore,Oracle Corporation,2026-03-15-oracle-sg-batch-01.csv,noise_title
101.100.241.41,80,http,Just a moment...,dsas.org.sg,dsas.org.sg,SG,Singapore,Oracle Corporation,2026-03-15-oracle-sg-batch-01.csv,noise_title
240d:1a:97c:8c00::5,,,,,,Japan,Tokyo,SO-NET Sony Network Communications Inc.,2026-03-15-japan-mixed-batch-01.json,ipv6_not_in_scope
